id,name,name_cn
46781,水中騎士,水中骑士
46785,紅嵐,红唇杀机
46993,ディス魔トピア,魔黑理想乡
47038,メーカー非公式 初音みっくす,非公式 初音MIX
47272,GOSICK,
47342,堕天使の柩,堕天使之柩
48018,ベルサイユのばら,凡尔赛玫瑰
48297,A GIRLS,A GIRLS 似曾相识
48630,MÄR,MÄR 魔兵传奇
48680,八潮と三雲,八潮与三云
48906,ソウルイーターノット!,噬魂师NOT！
49186,ドリフターズ,漂流武士
49563,るくるく,恶魔管家
50133,D.C. 〜ダ・カーポ〜,初音岛
50147,T・Pぼん,时光巡逻队
50208,英雄伝説 零の軌跡,英雄传说 零之轨迹 漫画版
50631,魔王 業火の決意―JUVENILE REMIX,
50901,出ましたっ! パワパフガールズZ,飞天小女警Z
51045,夢みる太陽,梦中的太阳
51607,アクエリアンエイジ 始まりの地球,
52989,最後の性本能と水爆戦,
53109,ドールズ フォークロア,退魔使者
53228,FORTUNE ARTERIAL Character’s Prelude (1),
53543,KAMUI,卡姆依
53777,あい・らぶ・ねぇ,
53781,ちぐはぐプラネット,不和谐行星
53817,荒野に獣 慟哭す,荒野之兽的恸哭
54001,リコとハルと温泉とイルカ,理香和春和温泉和海豚
54268,ORderMeiDO オーダーメイド,
54278,ラッキー・ブレイク,幸运不幸运!?
54340,オトノハコ,青涩的音符
54421,Garden,
54425,πスペシャル πかもしれない編,
54532,ロナルドの野望,我的超S上司
54564,PaPa パパ,狼的午后
54718,若旦那にご用心,怕寂寞的恋情
54797,こどものじかん,萝莉的时间
55087,キューティリップス,紅唇俏妹
55171,玲瓏館健在なりや,玲珑馆营业中
55650,黒鷺死体宅配便,黑鹭尸体宅配便
55765,八犬伝-東方八犬異聞-,八犬传-东方八犬异闻-
55769,傷ーKIZ／KIDSー,伤
55979,凍土の旅人,冻土的旅人
56080,Doctor K,新无敌怪医K
56433,B×P Anx (1),
56487,LSD,
56728,キューティーハニー,甜心战士
56879,くるりさんとヒラリさん 2,
56886,ハナさんの休日2nd season,
57139,バーサスアース,地球末日
57163,流れ星レンズ,流星★LENS
57579,ゴールデンタイム,青春纪行
57678,ザ・ワールド・イズ・マイン,
57975,ローゼンメイデン dolls talk,蔷薇少女 dolls talk
58097,聖闘士星矢 文庫版,圣斗士星矢 文库版
58194,LOVE YOU ONLY,戀愛預感心貼心
59001,ちびさんデイト,小不点日记
59188,ふぇちっくす!,
59601,まじもじるるも,修业魔女璐璐萌
59681,死太郎くん 2,千之恐怖馆-人皮傀儡
59701,エスケープ,
60999,ごくせん,极道鲜师
61211,恋するメイド少年 2,恋爱女仆少年2
61271,瞳は海の色,眼睛是海的颜色
61304,もっかいしよ?,再来一次好吗？
61386,足洗邸の住人たち。,妖魔同邻足洗邸
62564,夜明け前より瑠璃色な -Moonlight Cradle-,夜明前的琉璃色-Moonlight Cradle-
62565,調律葬交Zyklus;CODE,调律葬交Zyklus;CODE
62714,今日からヒットマン,上班族杀手
63842,井の頭ガーゴイル,井之头的石像鬼
63915,舞FAVORITE,
64192,青空ふろっぴぃ,
64656,ライアテア,
64693,少年よ大志を抱け!,少年啊!胸怀大志!
64789,抱いてみやがれ！,放胆抱紧我
64966,T.P.さくら,T.P.樱
65001,NUMBER10,
65027,ラブプラス Rinko Days,爱相随 Rinko Days
65116,清村くんと杉小路くんよ,
65182,縄がなくてもだいじょうぶ,没有绳子也没有关系
65332,デビルマン黙示録strange days,
65375,殺人大百科,X人大百科
65394,乙女ケーキ,少女的蛋糕
65657,幻蔵人形鬼話,幻藏人形鬼话
66120,魔法少女 鬼塚さくら,魔法少女鬼塚樱
66135,ばくおん!!,爆音少女!!
66300,ひみつの階段,秘密的楼梯
66334,はんまめいど!,重量级女仆
66422,京騒戯画,
66551,新宝島（手塚治虫漫画全集）,新宝岛
66820,抱きしめても怒りませんか？,甜蜜的真情拥抱
66901,Wāqwāq ワークワーク,火热防人
67073,のうりん,农林
67600,湘南爆走族,湘南爆走族
67812,奴隷区 僕と23人の奴隷,奴隶区 我与23人的奴隶
68361,おねーさんひとりじめ,
68387,LOVE的,
68423,つつんでひらいて,
68546,誰かを好きな人,
68561,パンチドランカー,拳力全开
68721,猫之茗,猫之茗
68796,王子と執事,王子与管家
69057,コードネームはセーラーV 新装版,水手战士V 新装版
69058,ウヒョッ! 東京都北区赤羽,
69068,オインゴとボインゴ兄弟 大冒険,
69110,罪とくちづけ,罪与爱的热吻
69119,リバーシヴル,双重角色的情人
69122,溶けないうちにどうぞ,趁没溶化前请用
69228,僕の小規模な失敗,
69296,Hybrid Child,未来的未来
69366,俺のモノになりなさい。,成为我的人吧
69470,千年の虜~執事・柊~,千年之虏
69692,忘却のクレイドル,被遗忘的孤岛
69750,駅から5分,距离车站5分钟
70121,オークション・ハウス,拍卖行
70361,放課後のカリスマ,圣克丽欧学园
70420,Japanese Preteen Suite,
70476,白井弓子初期短篇集,
70526,君と紙ヒコーキと。,你和纸飞机
70547,Green.,
70822,シリウスと繭,
70851,ブラック・ジャック創作秘話 〜手塚治虫の仕事場から〜,怪医黑杰克的诞生 手塚治虫的创作秘辛
70938,イナズマイレブン,闪电十一人
70950,ぴんとこな,梦舞飞扬
71231,ねじまきカギュー,螺旋卷钩生
71701,アキタランド・ゴシック,
71749,フォトカノ Happy Album,写真女友 Happy Album
71842,しあわせは何色ですか？,
71851,喜鬼 ~kiki~,喜鬼
72002,うちゅう人 田中太郎,外星人田中太郎
72017,帰宅部活動記録,归宅部活动记录
72156,いんデレお姉さん,
72157,三ツ星お姉さん,
72184,溺れる,溺於愛
72622,夏色キセキ,夏色奇迹
72887,リバーシブル!,一男两制
72999,ボクと魔女の時間,我和魔女的时间
73318,睫毛の先3センチの距離,
73333,ひとりぼっちの地球侵略,只身一人的地球侵略
73368,僕と彼女の××× 番外編,我和她的XXX 番外篇
73425,ふるえつもれ幸せの花,为爱颤抖的幸福花朵
73426,スキを教えて,教我怎么爱
73842,ランジェリー・パブリシティ,魔法内衣
73883,リーゼロッテと魔女の森,莉泽罗缇与魔女之森
73922,ひみつのお花ちゃん,
74283,かくかくしかじか,写写画画
74509,魔法の萌エリストリリカル・リリンカ,
74653,夕日に触れるその前に,夕阳西下前的幸福
74770,女王の穴～クイーンズ・ホール～,女王之穴
75580,指先から媚薬,指尖的媚药
161910,絶望のクロージアス,
162017,妖狐のおまわりさん1,
162031,媚痴な母穴,媚痴的母穴
162050,バツ&テリー,龙兄虎弟
162131,とんでぶーりん,飞天少女猪
162155,きらりん☆レボリューション 特別編,
162224,イビルば〜じん,恶魔处子
162378,もっといちゃつきたいの♥,还是想和你一起
162390,メロディの事件簿,贫穷千金浪漫恋
162482,オデット ODETTE,
162615,まっどエンジェル,
162633,武士道シックスティーン,十六岁的武士道
162678,そう言やのカナ,说到那个啊
162968,このはな綺譚,此花绮谭
163013,學ビノ國,高四联盟
163031,"Wake Up, Girls!",
163168,ヴァーリアの花婿,瓦利娅的花婿
163178,少年守護神,
163248,あいつが魔法使い!,
163253,も一度初恋!,
163369,スタンド・バイ・ミー,站在我身边
163495,聖ポリス☆SEIKA,迷糊女警官
163590,ヤミホタル,
163649,VRG,
163662,伝鬼活人剣,
163864,シニガミ×ドクター,死神×醫生
163935,マンガ家先生のアシスタントくん,
163964,春のニオイ,春天的味道
164115,ウランバナ,花神少女爱作梦
164120,あいびき,
164131,世界の端っことあんずジャム,世界尽头与杏子的爵士乐
164276,I.B.S.S.―Ice blue silver sky,
164317,妖獣戦士 臨の章,
164325,横浜B級探偵物語 女はカクレンボ,
164425,最後の楽園,
164428,高慢チキ子ちゃん,
164439,アラビアン狂想曲,
164525,とある魔術のヘヴィーな座敷童が簡単な殺人妃の婚活事情,某魔法的重装座敷童子的简单的杀人妃的婚前准备
164621,リベラメンテ〜鎌谷悠希短編集,LIBERAMENTE〜镰谷悠希短篇集
164650,文庫版 アーシアン,文库版 天使夜未眠
164656,アーシアン,天使夜未眠
164698,ホントノコイビト～清楚系ビッチな彼女たち～,清纯系婊子的恋人们
164779,ドS女子会,
164965,もっとだめよめにっき,
164987,ふたりだけのSeason,
165014,菜~ふたたび~,
165019,ハナドキロード,
165023,江戸恋もよう,
165196,キミがスキ PLUS,
165202,噩梦游戏,噩梦游戏
165209,裏恋愛調教〜ホスト遊戯〜,裏恋爱调教〜男公关游戏〜
165216,ご指名!ホスト教師J,男公关教师 J
165222,愛想人―Sex friend,爱想人―SEX Friend
165224,先生と、私と、初めて。,老师与我的秘密关系
165247,人間モドキ,
165430,ハルマゲどん,
165555,Hiyoko voice,
165580,山びこ少女,
165607,炎のカメリア,
165616,娘よ、父の手に!,
166049,うつろわざるもの~ブレス オブ ファイア IV~,
166088,元ヤン,不良出身
166104,大人のヒヨコ,發情的雛鳥
166152,女王と仕立て屋,女王与裁缝师
166214,サバイバル鬼ごっこ,
166252,鬼は笑うか,
166383,狼は魔法を,
166483,黒い報告書,
166590,뽕짝스타,韩俗乐明星
166836,ゲッターロボG,盖塔机器人G
166886,シノビ四重奏,忍者四重奏
167487,天気予報ノ恋人,天气预报恋人
167888,なんてっ探偵♥アイドル,少女偶像侦探团
167993,밤을 걷는 선비,夜行儒士
168019,ヘブンリーホームシック,
168023,初恋を処する方法,
168053,무명기,无明记
168232,影に咲く花,暗影之华
168246,くいこみゅニケーション,
168272,乳娘-みるきぃがーる-,
168293,拘束違反,拘束违反
168387,東亰ザナドゥ,东京迷城
168474,カラフルぶらぱん,七彩内衣
168611,굿바이 미스터 블랙,再见，布莱克先生
168657,柊様は自分を探している。,正在寻找自己的柊小姐。
168841,こんな身体に誰がした,こんな身体に誰がした
168848,君が死ぬ夏に,君逝之夏
169058,大本気。,
169106,花色の恋人,
169146,先生なんて嫌いです。,老师什么的 最讨厌了
169248,パパとのひみつは夜にだけ,
169504,奈落の羊,奈落之羊
169508,クロノスへイズ,
169519,バビル2世 ザ・リターナー,巴比伦2世 THE Returner
169567,ハルソラ行進曲,
169596,ナン様とレン,
169715,アメコヒメ,雨子小姐
169716,連鎖 MODERN ENIGMA 柳原望短編集,
169719,快×開! ~快感開発部へようこそ! ~,
169723,僕の声を聞いた女子校生達がエロすぎる!,
169735,放課後さいころ倶楽部,放学后骰子俱乐部
169834,イノセント,
169838,もう一度くちづけて,再吻我一次
169932,花恋つらね,花恋长词
170258,コオリオニ(上),
170328,혈액형에 관한 간단한 고찰,血型相关的简单考察
170373,보스의 순정,老大的恋情
170438,メガミのカゴ,
170572,ぼくらの不思議な恋事情,
170739,ヒロインボイス,女主之声
170795,極道包丁,极道料理王
170852,당신의 스토커,你的跟踪狂
171112,もずく、ウォーキング!,小狗汪汪
171258,YG,
171284,おしゃれ泥棒’97,
171374,音楽と漫画と人,蝉世代
171663,メガネnoメガミ,
172104,鮫肌男と桃尻女,蜜桃鲨鱼
172133,Cherry etc. 荒井チェリー傑作集,
172173,快感チェンジ♂⇔♀,
172242,삼국 전투기,三国战记
172328,のんびりVRMMO記,
172358,Bグループの少年X,
172364,先生、黒髪になっても気付いてくれる？,
172377,秘蜜の花園～蝕手蟲地獄絵巻～,
172379,カチクアネ,
172400,しょうじょ、くなぎ、きおく,
172430,七つの短編 鈴木央短編集,七个短篇 铃木央短篇集
172470,龍帥の翼 史記・留侯世家異伝,龙帅之翼 史记·留侯世家异传
172550,BLOW UP!,蓝色萨克斯风
172587,異種姦獄,异种奸狱
172602,アンミツのいっパイコスってあげる,
172631,相原実貴 The Best Selection,
172669,アジア無頼 〜戦場の突破者〜,亚洲无赖-战场的突破者
172810,当神不让,当神不让
173247,僕んちのミカゲさん,
173294,ベイビー・メニ―・クライ,
173300,ふぇち乙女系,怪性癖乙女系
173398,セイバーキャッツ,赏金猎人
173405,ハルノクニ,少年独立国
173442,毎度ラーメン屋です,
173541,聖者は夜やってくる,圣者于夜晚降临
173657,肉欲穴ライズ,肉欲穴大解析
173658,粘膜接触空間,
173685,Two Loveるぅ,
173686,恥汁禁断性,
173719,凌辱祭,
173731,アクマで婚カツ!,
173759,メイド100%,女仆100%
173767,着ラブ,
173768,ヴァージンきらぁ,
173791,みるきぃQueen,
173813,ぱいまんだら,
173814,JK図姦,
173825,聖ペナルティ学園 獄,
173827,恋の膣女,
173832,牝犬女の飼い方,
173838,無人島サバイバルファック,
173853,BEAR BEAR,
173995,Le Rêve du papillon,隐匿城
174042,死んでもお前を離さない,
174228,天藍のメメント,天蓝的记忆
174353,桜花らんまん,樱花浪漫
174386,砂漠の野球部,沙漠棒球队
174402,サラリーマン大家道 物件取得大作戦編,抢钱高手-法拍屋致胜篇
174527,琴線,
174740,バラ餓鬼,破风饿鬼
174929,手騎-テキ-,
175008,いなかのおまわりさん,
175033,大攻者ナギ,大攻者凪
175039,ウルトラ怪獣擬人化計画 ギャラクシー☆デイズ,奥特怪兽拟人化计划 银河日常
175060,おやすみジャック・ザ・リッパー,晚安，开膛手杰克
175253,猫も、オンダケ,
175307,魔女くんと私,魔女君与我
175447,アレンとドラン,
175613,日出処の天子 完全版,日出处天子 完全版
175655,月明星稀 - さよなら新選組,月明星稀 - 再见新选组
175682,るきさん 新装版,单身而已
175687,EMANON さすらいエマノン Episode:1,
175713,11.1,
175714,ゆれつづける,
175733,VERSION,
175758,月のなみだ,月亮的眼泪
176008,セクシー女優ちゃん ギリギリモザイク,
176074,Re:teen 繭の中でもう一度10代のキミと会う,
176130,マーブルセレクト 乙女怪談,
176167,ココノカの魔女,森之魔女
176465,死刑囚の遺産スペシャル―事件記者・加納真悟シリーズ,
176515,悠久黙示録エイドロンシャドー,悠久默示录
176625,吸血女教師の眷属性活 〜Lesson with Vampire〜,
177032,銀盤騎士,银盘骑士
177171,Dr.キリコ ～白い死神～,
177260,TO HEAVEN -トゥ・ヘヴン-,
177410,バサラ〜破天の男〜,破天之男
177528,シガレットアンソロジー,
177625,フルールコミックスアンソロジー 肉体派BL,
177665,若葉マリッジ,
177881,リーチマン,
178063,帰ってきたハイスクール！奇面組,
178118,マカロニほうれん荘,
178339,天使のKATTE,我家天使会害羞
178353,通勤電車の発情パフューム,
178464,生形くんのよこしまな日常,生形君邪恶日常
178582,でろでろ,
178615,地平線でダンス,穿越时空的羁绊
178620,Hook―超本格詐欺師ミステリー,超本格诈欺师事件簿HOOK
178951,100番めの羊,
179036,連続恋愛劇場,
179103,ソウルリキッド チェインバーズ,灵液皇冠
179557,あずみマンマ・ミーア,
179570,ザ・水道マン,
179702,RETURN,
179707,シネマ,
179791,おとぼけ課長,乌龙课长
179837,すっから母さん,天才老妈
179879,ちゅーLip!,
179915,不死の猟犬,不死的猎犬
180036,EX-ARM エクスアーム,EX-ARM
180158,迷え!七つの大罪学園!,凌乱吧！七原罪学园！
180323,Manara's Kama Sutra,马纳哈的爱经
180460,岡本倫短編集 Flip Flap,
180528,ほっぺにひまわり,
180663,あたしをみつけて,来寻找我吧
180693,尾玉なみえ短編集 脳酸球,
180699,モテ虫王者カブトキング,
180883,ゆめならさめないで,沉睡的花朵
180983,オートマチック・エンジェル,
180986,私を騙した男,欺骗我的男人
181021,黒い羊は迷わない,
181361,僕とサオダケの日々,
181446,JK強制操作 ~スマホで長期間弄ばれた風紀委員長~【完全版】,
181531,銀河は彼女ほどに,银河宛如她
181571,よごとひめごと,
181578,桃色トランス,桃色情迷
181741,宇宙のガズゥ,
181750,おかえりピアニカ,
181769,れんあいこわい,恋爱恐惧症
181774,陵辱の連鎖,
181872,警視庁美人局,警视厅美人局
181924,ふるスクらっち！,
181931,股裂きジャック,张腿的淫湿插座
181957,原田ちあきの挙動不審日記,
181960,宴 —en—,
182006,快男子SANIWA,
182050,手紙物語,
182069,俺の彼女がメイドで嫁で、いろいろ何でもしちゃいます!?,
182213,私のおしっこ不文律,
182222,仁王～金色の侍～,仁王~金色武士~
182272,ほしいとほしがり,
182276,夜のページ,
182291,理想の誘惑,
182295,本気にならせてみたいんじゃ,
182408,アイアムアヒーロー 公式アンソロジーコミック: 8 TALES OF THE ZQN,请叫我英雄 公式合集 8 TALES OF THE ZQN
182418,善悪の屑,善恶的屑
182454,シルシア=コード,CYLCIA=CODE
182455,初キュン!,初次夹紧!
182516,スマイルプリキュア! プリキュアコレクション,
182533,ふたりはプリキュア Splash★Star プリキュアコレクション,
182562,金のタマゴ,我要成为编辑王
182699,博士の魚たち/薫さんの帰郷,
182731,愛と青春の発熱,
182740,キレイになりたい!,美貌的愿望
182767,Under☆C,
182840,探偵の探偵,侦探的侦探
182858,モンテ・クリスト,基度山伯爵之复仇
182883,ばーじんゾンビ,
183126,幼い果実 ～淫行娼学生の放課後～,
183138,ミイラの飼い方,小木乃伊到我家
183171,本日の猫事情,
183221,たくのみ。,酒鬼妹子
183283,オネェ吸血鬼と笑わないメイド,娘娘腔吸血鬼与不笑女仆
183325,新世紀エヴァンゲリオンエヴァ&エヴァ2アンソロジー,
183467,生贄投票,生贽投票
183474,男爵にふさわしい銀河旅行,与男爵相称的银河旅行
183483,トーキョーパンダ,东京大熊猫
183505,悪魔の質問,恶魔的质问
183644,いぶり暮らし,
183920,ミエタミエナイセカイ,若隐若现的世界
183936,むしとりニスタ,
183995,黒髪巫女とマリアウィッチ,黑发巫女与魔女玛利亚
183996,スパイスビーム,Spice Bean～不可思议的刺激～
183998,艶捕物噺,
184111,淫落の女傑,
184134,パラダイスバード,
184296,かりん歩,花梨步
184327,秘密のハートマーク,
184343,ニクドレ!,
184442,シーズンシアターシアトリカル,
184530,楳図かずおの呪い,
184802,屋敷はメイドのために！,
184855,葉弥-HAYA!!-,神钓少女
184922,恐怖の方程式,
185186,めしにしましょう,
185196,あまいくちびる・とろけるくちびる,甜蜜甘美的香唇・温润丝滑的丰唇
185526,前から知ってる君のこと,
185538,初恋からは逃げられない,无法摆脱对初恋的思念
185578,可愛いあの子,
185582,イタズラの時間,
185749,ある夏の日の…―他(新耳袋より),
185790,赤のテアトル,赤色劇場
185923,オシリスの天秤 (上),欧西里斯的天秤 (上)
185977,Op -オプ- 夜明至の色のない日々,OP-夜明至的无色日子
185986,はこぶね白書,
186123,桃太郎最凶伝説,桃太郎最恶传说
186334,青葉くんに聞きたいこと,青叶君，我想问你
186429,境界恋愛少年少女,
186433,なきむしステップ,
186446,よい子の時間―ガールミーツキッズ!,
186450,鞄図書館,
186454,さっさと服を脱ぎやがれ,
186474,淫魔な部下の妖し方,
186651,起こらなかった恋についての物語,
186688,Bitches Plan,
186712,「けいおん！」アンソロジーコミック みんなでうん☆たん！,
186762,池袋レインボー劇場,
187035,大彼女,
187178,诺亚之蝶,诺亚之蝶
187273,レイニーシーズン,
187358,おとうふ次元,
187498,少女ペット,宠物少女
187500,こぼれる、,恋情绽放、
187520,こはねちゃんの犬,恋羽的狗
187928,妹4コマ小冊子,
188096,カノジョと私の秘蜜の恋 She falls in love with her,
188125,校园无限,
188160,女子校生の性欲が人前であらわになる事案が発生,
188216,たそがれ橋駅前 おもかげ食堂,
188256,レッドスプライト,赤色精灵
188317,これはきっと夢の中のキス,
188382,ディノ・サピエンス,恐·人
188759,信長を殺した男〜本能寺の変 431年目の真実〜,
188807,おまけの娘,おまけの娘
188912,ぴんくぱんつぁ～,
188921,空色パンデミック,空色幻想大流行
188983,みんないいこだよ?,
189055,ヤングガン・カルナバル,少年枪手（Flex Comix）
189188,天獄パラダイス 2,
189314,男子、隣人と食せよ,
189350,琴子は一生欲求不満,
189376,聖♥ドラゴンガール みらくる,圣♥小龙女 梦幻奇迹
189491,東京ミュウミュウ,东京猫猫
189611,ヴァージンチェンジ【フルカラー完全版】,
189625,ボンクラボンボンハウス,
189870,人でなしの彼女,
189891,プロブレム,
189924,あなたの世界で終わりたい,
189929,まんがかぞく 一家4人全員漫画家,漫画家族 一家四口都是漫画家
189971,スットコ図書館,
189972,かのぽっど,
190178,愛・天地無用!,爱・天地无用！
190236,GJ部@こみっく (1),
190415,DOG END,
190465,きんぎょ注意報!,娱乐金鱼眼
190517,まんゆうき 〜ばばあとあわれなげぼくたち〜,
190593,あのこはソレを我慢できない,
190641,ロリコンフェニックス,萝莉控不死鸟传说
190848,熟女ゲーム,熟女游戏
191078,STEINS;GATE 0 コミックアンソロジー,命运石之门 0 漫画选集
191188,ヴァルハラで会おう!,在瓦尔哈拉再会！
191218,カブちゃん,
191298,つきあってよ!五月ちゃん,
191352,しあわせインベーダー,
191505,C♥C♥C,C♥C♥C
191581,そして船は行く,辣妹奇航
191627,カンタンキス,
191650,35歳、不純な恋,
191861,セクハラブラザーズ 愛されすぎ編,
192164,青空の悪魔円盤 呪みちる作品集,
192277,桜の花の紅茶王子,樱花红茶王子
192458,秘密のレプタイルズ,秘密的爬虫类
289477,やまない不幸の終わらせ方,永不止息的不幸的终结方法
289673,となりのメガネ王子とヤンキーと!,
289693,友だち100人でKILLかな,
289704,カノジョは今日もかたづかない,她今天也没做整理
289799,おかわりナポリタン,茄汁面条
289814,僕のおせっかいダーリン,我亲爱的爱管闲事先生
289849,穢夢の遺産,
290017,とまどいのシチュエーション,
290023,禁じられた恋人,
290047,バロック騎士団,
290096,サチコと神ねこ様,
290291,機動戦士ガンダム Twilight AXIS,机动战士高达 暮光的阿克西斯
290485,皇帝つき女官は花嫁として望まれ中,皇帝随行女官的新娘修行
290592,もしもあの日に戻れたら,
290598,再会した教え子は私が知らない顔をする,
290624,願わくばこの手に幸福を,愿你手握幸福
290677,らぶ♪メロ,
290851,拡散的エモーション,讨债时的恐怖现况
291041,The Mask,面具
291432,王都の学園に強制連行された最強のドラゴンライダーは超が付くほど田舎者,最强乡下龙骑士
291588,君のカラダに教えてあげる 絶倫先生アンソロジー,
291606,蜜月の城～悪魔な公爵の甘い欲望～,
291947,MS戦記 機動戦士ガンダム0079外伝,MS战记
292008,ザ・ウルトラマン,奥特曼
292058,ひみChuの文子さま,神秘宅娘文子
292942,セメルパルス semelparous,
293020,いもうとコレクションH,
293087,ハラストレーション,
293094,彼氏と僕のはじめてフーゾク,他与我的第一次风月体验
293262,黒猫くろべえ めんどくさいと言わにゃいで!,
293514,龍の夫―亡国の神―,
293605,生贄のお勤めは、,
293631,副番長には逆らえない！,
293908,年下の男の子,年下小男友
294341,さかさまロリポップ,逆向的lollipop
294346,魔法使いの取扱説明書(トリセツ),魔法使的使用说明书
294347,25時の×××,25时的×××
294349,まきちゃんは彼とセックスしたい,
294390,방 건너 방,房外的房
294450,箱入り乙女とガテンの王子様,
294481,犬と歩けば恋に落ちる~発情ワンコの躾け方~,
294525,18不限-2,
294706,とろけるほどに咬まれたい,
294753,Healing Spell.,
294763,同級生に俺のコカンが狙われています。,
294848,私が全裸になった理由,
294863,今日の日はさようなら,
294921,Come Prima,一如往昔
295023,未来デリバリー ちいさなアシモフと緑の忘れ物,未来快递 小艾西莫夫与绿色的遗忘物
295047,王子様は捨て猫になつかれたい,王子想得到弃猫的爱
295055,渇望アニマジェメラ,
295101,산두,山都
295250,嘘月－ウソツキ－,谎月
295278,東京ミュウミュウオーレ!,
295359,レズ風俗アンソロジー リピーター,
295380,最強のおっさんハンター異世界へ ～今度こそゆっくり静かに暮らしたい～,最强的大叔猎人前往异世界～这次一定要过上悠闲安静的生活～
295409,わるいこと、ぜんぶ。,全员恶人
295438,ラブソングをキミと,和你奏起恋曲
295737,厨病激発ボーイ NEO,
295741,警視庁 特務部 特殊凶悪犯対策室 第七課 トクナナFile.0,
295962,キミの忘れかたを教えて,请教我如何忘记你
296476,大正小町事件帖 櫻の一番!,
296487,カロン サイフォン,
296540,空を見上げる少女の瞳に映る世界,仰望天空的少女
296905,魔法科高校の劣等生 会長選挙編,魔法科高校的劣等生 会长选举篇
297179,アズールレーン びそくぜんしんっ!,碧蓝航线 微速前行
297665,アタマの中のアレを食べたい,
297768,ベニーちゃんはくじけない,毫无防备的拼贴画
297793,ふたりはだいたいこんなかんじ,两个人大概是这种感觉
297800,あまえるケダモノ,爱撒娇的野兽
297869,山本さんちのねこの話,
298278,エリスの聖杯,厄里斯的圣杯
298427,さよならエデン,再见伊甸园
298607,かくれイタリアン,
298741,観音寺睡蓮の苦悩,观音寺睡莲的苦恼
298945,ダウト～嘘つき王子は誰？～,Doubt～说谎的王子是谁？～
298998,わんちゃんおいでよ、撫でてあげるから,
299000,ノーボーダーズ・ラブソング,
299012,神祇の守り人,神祇守护人
299040,「ほら、俺の上に跨れよ」~傲慢上司のイジワルな突き上げ,
299041,天下無敵のI  love you,
299062,スパダリと結婚したら私のストーカーだった件,
299151,性教育120%,性教育120%
299782,必修！！セックス部,
300044,よわむし,胆小鬼
300112,9番目のムサシ レッドスクランブル,9号特工 赤色拦截
300169,牝母,
300223,その時の彼女が今の妻です,
300257,君のいる町 妄想200話 SPECIAL EDITION,小镇有你 妄想200话
300271,少女の日,
300321,Angel♥はーと,
300428,ハラキリゴメン,
300474,うちの小悪魔くん,
300491,オーバーレブ!,赛车女神龙
300873,駅弁ひとり旅 ザ・ベスト,
300975,家政魔導士の異世界生活～冒険中の家政婦業承ります！～,
301148,好きな娘が、別の男と,
301172,착한 아이에 대하여(완결),对于听话的孩子
301187,私は悪役令嬢なんかじゃないっ!!　闇使いだからって必ずしも悪役だと思うなよ,人家才不是恶役千金呢！！
301194,あやしもの,
301195,機械人形は還れない！,
301217,映画大好きポンポさん the Omnibus,最喜欢电影的彭波小姐 the Omnibus
301401,アミグダラ,
301459,Hop Step Sing!,
301635,僕のソルシエール,我的魔女
301719,1人と一人の3650日,
301754,大罪竜なんて大嫌い！,令我恨之入骨的大罪龙！
302077,PERFECT FIT 2,
302206,"이리 오너라, 업고 놀자",负卿请醉
302237,男友達ガール,基友少女
302249,きじょういえっち,
302434,君が隣にいない未来,
302455,꼬리를 흔들다,摇尾巴
302526,ラブミー・ラブマイドッグ,爱屋及乌
302631,パーム (40) TASK (Ⅴ),
302644,おもちゃとお茶を,
303204,すずねとひだりて,铃音与左手
303317,リタイア女子の初恋リベンジ,失意女的春风再起
303358,吸血鬼の食卓,吸血鬼的餐桌
303377,SINoALICE -シノアリス-,SINoALICE -死亡爱丽丝-
303458,레이디 비스트,被诅咒的婚约
303610,接触注意,
303748,ね、いいよ。,
303812,ファンタシースターオンライン2 ぷそ煮コミ,梦幻之星online2 乱炖
303857,疾風伝説 特攻の拓,
303925,Trauma 〜お尻 願望〜,
303994,フルドラム,
304112,痴女えれくと! ムネに1発お口に2発、尻とアソコに計5発,
304121,릴리트 2,莉莉丝2
304201,粉もんロード,
304211,パンプキン・シザーズ:パワー・スニップス,
304268,僕と悪夢とおねえさん,我与噩梦与大姐姐
304283,コーラル ~手のひらの海~,柯拉～掌中之海～
304317,オルタンシア・サーガ,苍之骑士团
304325,潔癖すぎるよ 清宮くん,过于洁癖了吧 清宫君
304455,X-龙时代,X-龙时代
304468,国宝のお医者さん,国宝的医生
304510,呪い子の召使い,诅咒之子的仆人
304544,河野さん家の日常,河野先生家的日常
304595,ゆうてる場合か!,
304616,異世界に転生したら聖少女にされた,异世界转生后变成了圣少女
304621,和服な上司がいとおしい,穿和服的上司真可爱
304921,나는야 계산왕,
305230,恋する自爆ちゃん,恋爱的自爆酱
305231,キスで起こして。,以吻唤醒。
305232,恋愛グリモワール～最強童貞の勇者様が結婚しないと世界は滅亡するそうです～,恋爱魔导书~最强处男的勇者大人不结婚的话世界就会毁灭~
305265,若い人はいいっ,
305290,スペクトラルウィザード,Spectral Wizard
305329,絶頂デュエル 魔法のカードでセックスバトル,
305352,変愛彼女~やだ・彼氏のが他の娘に入っちゃってるう~,
305361,とりかえアプリ,
305371,夢幻少女しぼり,
305555,スレイブ・ワン,
305602,乳責めアンソロジーコミックス,
305651,嘘つきは妹のはじまり,偷星换妹
305717,Mage & Demon Queen,魔法使与恶魔女王
305785,G街奇譚―麼織青蛾の事件簿,
305786,シーズン,
305789,[増補改訂新装版] プリンセス・オブ・ダークネス,
305812,転生先で捨てられたので、もふもふ達とお料理します ～お飾り王妃はマイペースに最強です～,转生被抛弃后决定和毛绒绒们一起做饭 ～最强我行我素摆设王妃～
305892,これが恋だとわかるまで,
305899,もっと幸せな恋、集めました。,
305906,ハコニワアソビ,箱庭游戏
306288,婚約破棄された令嬢を拾った俺が、イケナイことを教え込む ~美味しいものを食べさせておしゃれをさせて、世界一幸せな少女にプロデュース!~,捡到被退婚大小姐的我，教会她做坏坏的事
306292,エノク第二部隊のはらぺこ遠征ごはん,艾诺克第二部队的饥饿远征美食录
306528,殺したいほど、アイしてる,
306607,ラブトライクEZR,
306610,ユーフォリアジュース,
306746,恋のめばえ,
306783,イキリ勇者は救えない！,自负勇者无法拯救！
306793,彼女の恋が叶えばいいのに,她的爱恋若能成真就好了
306847,中出し人妻会,
306980,太陽と月の鋼,太阳与月下钢刀
307000,White Pawn－ホワイトポーン－,
307056,春秋封神,
307101,プリズン・オブ・ヘルランド,
307264,家畜人ヤプー,
307337,くちびると、セーラー服。,
307472,イケないことかも…,
307696,築地最強寿司伝説 仁義理の海太郎,
307702,娑婆王,
307807,星乃ハートビート,星乃心动不已
307961,異世界ハーレムパラダイス♡,异世界后宫乐园♡
308254,アオの死、僕の後悔,
308316,姫野くんは姫になりたくない,姬野君不想当公主
308320,放課後スイッチ,放学后开启腹黑模式
308349,人妻泥棒,
308364,お風呂の前に召し上がれ,
308475,电波可及的地方,
308478,Soulmate,
308551,ぱらボら作品集,
308763,あいるエンカウント!,
308861,ホームステイ,
308864,牧田清香はHがしたい,
309285,セルフコミュニケーション,我与我的交流
309309,異世界ワンターンキル姉さん ～姉同伴の異世界生活はじめました～,异世界一击无双姐姐～姐同伴异世界生活开启～
309788,乙女ゲームの破滅フラグしかない悪役令嬢に転生してしまった… GIRLS PATCH,转生成为了乙女游戏里满是破灭Flag的恶役千金 Girls Patch
309837,私の可愛い子猫ちゃん,我的可爱小猫
310291,出産の仕方がわからない!,
310388,つながりざかり~12娘12色~,
310395,GHOST GIRL ゴーストガール,鬼灵少女
310830,"오랜만에, 할까요?",好久不见
311038,アダムの肋骨,亚当的肋骨
311044,バベルの設計士,
311226,愛翼のペンギン島航空隊,
311366,魔女が恋する5秒前,
311445,道,
311649,完全降伏ダーリン,
311787,時給三〇〇円の死神,时薪300日元的死神
311854,スパイ教室,间谍教室
312146,見上げるあなたと星空を,仰望你与星空
312463,正直不動産,
312506,酒のほそ道 (45.5),
312626,どうやら彼女は宇宙人らしい。,我的女朋友好像是外星人。
312647,恐怖症博士,
312705,LUWON,
312792,パーム (32) 蜘蛛の紋様 (3),
384047,シェアハウス・ナイル,
384133,35cm,35cm
384139,ふたなりっ娘LOVE,
384186,とうげる!ヨツワちゃん,
384236,シャボンと猫売り,
384315,真横濱ラーメン三姉妹,
384526,ルナジェニック・ドール,
384530,メロン・スキャンダル,
384607,握り拳にライスシャワー,挥拳洒出米浴
384852,설국열차 : 프리퀄,雪国列车：前传
384870,특수청소,特殊清扫
385334,こころのナース夜野さん,
385362,幸別,幸别
385386,まだ間に合う！明日処刑される悪役令嬢ですけど、スチル回収だけはさせてください！,
385471,我只想安静地打游戏,我只想安静地打游戏
385498,制服処女征服,
385550,まだ知らない俺達,
385633,ドリストア,
385665,この婚約は偽装です！名家の令嬢は敏腕社長に迫られる,我们的婚约是伪装！
385672,勇者パーティーを引退して田舎で米と魔王の娘を育てます,
385676,メイドは恋する蜂谷くん,陷入爱河的蜂谷君是女仆
385690,ハンバーガーちゃん異世界転生絵日記,
385726,どっちがケダモノ!?,
386004,小林さんちのメイドラゴン フルカラーコミック,
386214,IMMORAL,
386249,나라 구한 전생,我在前世救过国
386437,狐女・天人唐草,
386441,妖精王,妖精王（花与梦COMICS）
386488,ちょっと聞いてよおにいさん,
386489,男子寮の花はまだ恋を知らない,
386572,社畜さんと白米ちゃん,
386578,관종교장,网红笑长
386725,ヴィンランド・サガ 公式ガイドブック,
386954,巨乳連れ子の性欲が強すぎる話,
386978,무한도전 릴레이툰,无限挑战接力漫画
386999,ミルクキッズ,
387176,逆游戏,逆游戏
387191,勇者与王子,勇者与王子
387399,青春の霹靂,青春的霹雳
387403,犬猿ラブリーぱんち,冤家路窄 甜蜜暴击
387405,目隠しのロミオ,
388020,二兎物語,
388100,花灯のコンフェッティ,花好灯圆
388178,소년들은 무엇을 하고 있을까,少年们在做什么
388317,ソルフェージュ 〜Sweet harmony〜,
388380,Pet,
388491,고고고,
388690,美姫拷問,
388709,まにすれ,
388734,景子先生の恥辱授業,
388737,ロリコン戦士プロテクター,
388742,ハプニング継続中!,
388743,ドキドキ 美少女ランド,
388876,とこよかくりよ,
388921,ムザンエ~吉原地獄絵巻~,
388971,어느 쪽이 좋아?,变身女友
389054,猫が望めば,
389163,ラーメン大好き小泉さん 特盛,
389194,ひもうと! うまるちゃんSS,
389378,JKからやり直すシルバープラン 悪役令嬢編,
389569,悪魔みたいにキミは立ってた,
389869,アオバ自転車店 ケイリンチャレンジ編,
389936,해귀,海鬼
390296,公式コミックアンソロジー 魔王学院の不適合者 ~史上最強の魔王の始祖、転生して子孫たちの学校へ通う~,
390298,바스키,超感追踪
390451,점핑오버,银河恋人
390520,リコリス・リコイル,莉可丽丝
390652,シスターズ パニック,
390701,言葉攻めに悶えて,
390734,俺のサブを暴くな,
390745,クソッタレever after,
390797,同じ年の弟が理不尽です,
390805,覚醒～Mへの目覚め～,
390819,女家庭教師静香,
390927,夫にキレる私をとめられない,
391306,撮り鉄の僕がコスプレ撮影を頼まれた結果,
391313,迷宮学園,
391320,凌●淫戯 3,
391404,恋愛フロップス,
391443,薬の魔物の解雇理由@COMIC,药之魔物的解聘理由
391447,煌宮,
391525,로베스의 완전감각,感情切割师
391614,バニーガール アンソロジーコミックス,
391696,アノコト、アンナコト。,
392061,御奉仕いたしますっ,
392062,淫らな夜への招待,
392068,乙女心は鋼のコブシ,
392176,マスタースレイブ,
392402,北河 TOUTAL,
392677,いつかの花が咲くまでに,
392707,なんせうさぎは子犬に夢中,兔子迷恋小狗狗
392738,クズ野郎とセフレ君,
392849,夏色ラバーズ,
392970,お手軽コーヒーブレイク,
393018,センパイのドレイです,
393090,愛犬娘観察日記,
393266,オオカミの孤独 赤ずきんの憂い,
393521,TWIN,
393674,アクシズのハマーンさん,
393737,EXPLORER WOMAN RAY,美女探险家
393953,快感みるくちゃんねる,
393983,怪人ようちえん monster's kindergarten,怪人幼稚园
394052,カクレゴト,
394111,お前を愛して何が悪い! ヤクザと警官の不似合いな関係,
394115,僕の彼女とピンク色,
394207,29時の朝ごはん~味噌汁屋あさげ~,
394220,VF-アウトサイダーヒストリー-,VF霹雳游侠
394276,きなこもち ~5人家族と猫ひとり~,
394555,おにいさんといっしょ,
394576,シェイプアップ乱,
394585,サキュバスちゃんと邪悪なふたなり元カノ軍団,
394618,我真没想重生啊,
394625,毒姫の蜜 Reboot,毒姫之蜜 Reboot
394640,あの娘はI,
394753,偽恋だけど溺れていいですか？,
394764,姉体験女学寮 ～Limited Edition～,姐体验女学寮 ～Limited Edition～
394781,永年雇用は可能でしょうか ～無愛想無口な魔法使いと始める再就職ライフ～,
394906,いつかのメイン,
395009,ブレイクメモリー,
395040,ちいさな鼓動,
395042,醜辱プレグナンシー,
395054,封霊士マーコ,
395058,おいしいお肉の召し上がり方,
395224,永久少女,
395229,隠れゴト,
395264,RADICAL★てんぷて〜しょん,
395425,보통아이,普通孩子
395588,なんたってドキドキ,
395655,里山ごちそうスケッチ,
396120,えりこクン、お茶!!,
396121,エルフが女王様!,精灵女王大人!
396173,シスコン,
396181,美少女ボーイ,
396217,背徳家族,
396231,ピカイチ!,
396456,선택,选择之罪
396504,都合のいい果て,各得其所
396525,La bataille de Yashan 1279,崖山
396537,発育っちゃうぞ,
396608,팀플레이,TEAM PLAY
396961,모던패밀리,我的异次元家人
397041,お嬢様の躾け方,大小姐的调教方法
397045,カオシックルーンEs,魔卡怪物
397064,아빠같은 남자,像爸爸一样的男人
397183,Here,这里
397265,愛奴の調教,
397267,肉回し,
397268,すてきなめまい,
397486,Wonderwall,心墙
397525,初ラブホは幼馴染と！？お風呂でほとんど挿入っちゃった【完全版】,
397527,淫肛悶絶,淫肛闷绝
397564,新選組といっしょ,
397773,ケ・セラ・セラ,
397843,お兄ちゃんはオメガかもしれない,哥哥说不定是Ω
398063,ボクらはみんな曇らせたい,
398072,ココナッツAVE.,俏皮房东妙管家
398125,廃バスに住む,
398126,モリタニヨル!,
398480,サニーサイドアップ,
398591,今日は死ぬのにもってこいの日,
398595,チョコロボ!,
398645,Street Fighter Origins: Akuma,街头霸王溯源：豪鬼
398650,さんりようこ特選集 ハード,
398661,가가바이러스,Gagavirus
398924,ほてりほてってファーストキス,微热初吻
398937,しかっちゃヤ。,
398964,ガンダムウェポンズ 機動戦士ガンダム00V編 (ホビージャパンMOOK 336),机动战士高达00V篇 Hobby Japan MOOK 336
399083,女の体をゆるすまで,直到我接受自己女性的身体
399112,ばらとたんぽぽ,蔷薇与蒲公英
399143,犯されて,
399244,사공은주,司空恩主
399474,日向さん、星野です。,
399657,ストッキング×ガールズ,
399926,子供はなんでも知っている,
400007,チョコタン!,巧克力小狗
400552,ホントの恋をあげるね,
400714,異世界コレクター~収納魔法で異世界を収集する~,
400969,肉穴フルパッケージ,
400997,輪姦され娘,
401016,だいすき！ご主人様,
401018,排泄姫,
401117,闇の天子,
401149,キャンディと魔王,
401154,きんいろ恋しぐれ,
401691,まだ八月の美術館,
401804,莫吉托,
401831,妄想社1,妄想社1
401857,でりまん!,
401908,アラタの獣,新之兽
402049,サバの秋の夜長,
402116,ドロロンえん魔くん,咚隆隆炎魔君
402169,太陽系SF冒険大全 スペオペ!,
402193,スペシャルボーイフレン〈ズ〉,
402194,すれ違いベジタブル・ガーデン,
402202,それから,
402250,애증,爱憎
402280,미러게임,19日死亡倒计时
402310,逆命师,逆命师
402367,ダリアの帯,
402368,チェリーのアンテナ,
402383,ハードロマンチッカー,颠覆罗曼蒂克
402443,月球漩涡,
402507,my妹しーくれっと,
402513,倒錯催眠実験 中出しおしおき部活動,反向催眠实验 内射惩罚社团活动
402537,相姦の赤い河岸,
402697,ヒヨコちゃんとハリネズミくん,
402861,バックオーライ美奈ちゃん,导游小姐美奈!
403018,あなたはあの星の下に,
403112,アレルジィ,
403117,いけない草の町子,
403241,ロリ☆魂,
403311,夜明けのリトルマーメイド,
403334,七ツ星の幸福,
403509,メルヘンチック・バズーカ,
403575,少女喪失,少女丧失
403581,ホロックスみーてぃんぐ！～holoX MEETing!～,秘密结社holoX MEETing！
403685,廃屋の住人,
403816,枯れ野の花嫁,
403853,ちつじょじかん,
403885,幻想水滸伝カラベル―コミックアンソロジー,
403889,幻想水滸伝 -受け継がれし紋章-,
403994,べじたぶる,美女CG制作公司
404091,ぼくのブラジャー♡アイランド,
404092,ボクの婚約者,我的未婚妻
404259,ルナティック・ルナ,
404272,girl Hunt,
404285,マザー・ルーシー,
404289,二次元コミックマガジン 人外娘孕ませ 気高き牝たちは人間子種に屈服する,
404496,マブラヴ アンリミテッド,
404560,リトルろマンス,
404738,アイ、セイ,I 、SAY
404799,メタル・ママ,
404895,ヤレちゃう♥せぇるすまん,
404923,よめコス らぶらぶエッチパラダイス,
404952,憧れのおっぱいは義姉の味,
405313,潰国のユリウス,
405316,NINむすっ!,放课后忍者娘
405323,おぼこ,辣妹海钓船
405483,劇画ガールズ&パンツァー,剧画少女与战车
405527,ふあんちゃん,
405612,リターナーズ-赫の奇還者-,RETURNERS 赫之奇还者
405622,宮崎夏次系傑作選 なんかいつかの魔法,
405778,愛の殺人者 渇きのセイ,慈悲杀手
405779,愛天明王物語,爱天明王物语
406100,変幻戦忍アスカ,变幻战忍ASUKA
406174,超キャートルズ,
406242,カテナチオ,
406338,大江戸せくすぽっぷ,桃色人偶师
406435,午前1時過ぎのシンデレラ,
406450,湖底のひまわり,
406537,冥界噺,
406654,悪役令嬢みたいに断罪されそうだったけど、全力で愛されてます! 不幸な運命に「ざまぁ」しますわ! アンソロジーコミック,
406802,天才調香師と弱気紳士,天才调香师和怯弱绅士
406860,恋愛漫画家の飼われ方,
406866,独裁者ジーク,独裁者吉克
406890,マドンナリリー,
406904,早すぎる性の目覚めってことでイイじゃん!,
407048,愛するあなたと恋するきみが,
407141,獣王子は運命の恋を離さない,
407146,迷子のΩは獣人αに満たされたい,迷路的Ω少年好想被兽人α填满
407211,黒髪のキャプチュード,黑发除魔士
407315,極つぶし,烈火悍警
407558,克・亜樹ラブストーリースペシャル,
