id,name,name_cn,连载结束
1033,機動戦士ガンダム C.D.A. 若き彗星の肖像,机动战士GUNDAM C.D.A. 年轻彗星的肖像,"2009年10月号"
1322,いおの様ファナティクス,伊王野女王的爱情,"2006-11-26 (VOLUME11)"
2122,わたしのすきなひと,少女情怀总是诗,"1995年6月号"
3396,魔法遣いに大切なこと 太陽と風の坂道,魔法使的条件 太阳与风的坡道,"2006年3月号"
3882,BLOOD ALONE,,2014-01-28(2014年4号/イブニング)
4018,アキハバラ@DEEP,秋叶原@DEEP,"2004年7月号"
4333,さいたまチェーンソー少女,埼玉链锯少女,"2009年2月号"
6036,ヴァムピール,巡行使者,"2010年4月号"
6050,灼眼のシャナ,灼眼的夏娜,"2011-08-27(2011年10月号)"
6239,憂鬱な朝,忧郁之朝,"2018年9月"
6317,超合金社团,超合金社团,"2013年11月"
6370,わたしたちの田村くん,我们俩的田村同学,"2008-02-27"
6541,Variante,寄生少女,"2006年5月号"
6843,PandoraHearts,潘朵拉之心,"2015-03-18(2015年4月号)"
6846,DARKER THAN BLACK -漆黒の花-,DARKER THAN BLACK -漆黒之花-,"2011年No.3"
8517,会長はメイド様!,会长是女仆大人！,"2013-09-24 (2013年11月号)"
10167,テルマエ・ロマエ,罗马浴场,"2013年4月号"
10946,かみせん。,泉神大人,"2011-09-09 (2011年10月号)"
14675,COPPERS,,"2009年21号"
17161,ゆるめいつ,希望宅邸,"2020-02-27 (2020年3月号)"
17747,辺境警備,边境警备,"1992年5月号"
18094,DOLL MASTER,巧手人型师,"2003年12月号"
18157,多重人格探偵サイコ,多重人格侦探PSYCHO,"2016-02-04(2016年3月号/ヤングエース)"
18873,宮崎駿の雑想ノート,宫崎骏杂想录,"1992年5月"
19527,HELLS ANGELS,地狱天使,"2004-04-19"
20468,ワイルドアームズXF,,"2008-01-26(2008年3月号)"
21539,コープスパーティー；娘,尸体派对；娘,2012-07-27 (2012年9月号)
21960,金色のコルダ,金色琴弦,"2011-03-24 (2011年5月号)"
24314,コンダクター,暗影指挥家,"2011年7月号"
25343,カレン坂高校 可憐放送部,卡莲坂高中可爱广播社,2008
25684,蟲と眼球シリーズ,虫，眼球系列,"2007-05"
26403,好きです鈴木くん!!,铃木同学，我爱你！,"2012年第14号"
26627,ななつさ,七岁差彼女,"2010-11-27 (『電撃マ王』2011年1月号)"
27132,電撃!!イージス5,电击!!神盾5少女,"vol.14（2005年6月）"
27263,スレイヤーズすぺしゃる,秀逗魔导士Special,"2005-01-29(2005年3月号)"
27684,ドラえもん,哆啦A梦,"1996"
28868,生徒会の一存,学生会的一己之见,"2012-12-09(2013年1月号)"
29511,鉄道むすめ,铁道娘,"2009年4月号"
29532,我が家のお稲荷さま。,我家有个狐仙大人 漫画版,"2013-05-27(2013年7月号/月刊コミック電撃大王)"
30040,はつきあい,初恋,"2010-12-22(2011年1月号)"
30804,神なる姫のイノセンス,神鸣公主的无邪,"2011-11"
30994,新・春香伝,新·春香传,"1994年2月20日号"
31020,不思議の国の美幸ちゃん,美幸梦游仙境,"1995年7月号"
31426,ノラガミ,野良神,"2024-01-06 (2024年2月号)"
31808,大長編ドラえもん,哆啦A梦大长篇,"2004-02-25（「月刊コロコロコミック」2004年3月号）"
31959,犬神,犬神,"2002年10月号"
32338,学園黙示録 HIGHSCHOOL OF THE DEAD,学园默示录,"2013年5月号（絶筆）"
34280,Oz: The Wonderful Wizard of Oz,绿野仙踪:奥兹国的魔法师,"2009-07-12"
35412,ヒナまつり,黑社会的超能力女儿,"2020-07-15(volume76/ハルタ)"
35692,五霊闘士オーキ伝,,1996-10
35782,近キョリ恋愛,近距离恋爱,"2011-05-13(2011年6月号)"
36858,東京ESP,东京ESP,"2016-07-26 (2016年9月号)"
36902,ヴェルバーサーガ,佩尔帕英雄传,"1994年11月号"
37593,処女はお姉さまに恋してる 2人のエルダー,少女爱上姐姐2,"2012年2月号"
37659,俺の後輩がこんなに可愛いわけがない,我的后辈哪有这么可爱,"2015年7月号"
37823,EREMENTAR GERAD,武器种族传说,"2009-12-28 (2010年2月号)"
37940,D.C.II Imaginary Future ～ダ・カーポII イマジナリーフューチャー～,初音岛2 IF,"2009-03-30(2009年5月号)"
38018,アノレクシア 〜しかばね華子は拒食症〜,Anorexia 〜志果羽华子得了厌食症〜,"2013-01-25"
38379,狼と香辛料,狼与香辛料,"2017-12-27 (2018年2月号)"
38621,マクロス7 トラッシュ,超时空要塞7 TRASH,2001年2月号
39416,アドルフに告ぐ,三个阿道夫,"1985年5月30日号"
39630,恋愛中毒的仙術師,恋爱中毒的仙术师,"2005年10月号"
40444,青の微熱,青之微热,2012年8月号
40555,SKET DANCE,学园救援团,"2013-07-08 (2013年32号)"
40827,シャングリ・ラ,香格里拉,"2009-12-26"
41654,X-Men Fairy Tales,X战警童话,"2006-08-30"
42317,ブッダ,佛陀,"1978年07月号"
43374,新ロードス島戦記,新罗德斯岛战记,"2006年8月号"
44708,トムソーヤ,最后的夏,"2006-06-??"
45334,俺の妹がこんなに可愛いわけがない,我的妹妹哪有這麼可愛！,"2011年5月号"
48300,Missing 神隠しの物語,,"2005-08-24 (Volume.37)"
48905,魔王さまのペロペロ計画,魔王大人的呸喽呸喽计划,"2012-12-04(2013年1月号)"
49073,ブレンパワード,灵魂力量,"2001年2月"
49402,BRAVE10 S,BRAVE10〜真田十勇士〜 第二部,"2016年4月号"
49662,怨み屋本舗 巣来間風介,,"2009年3月19日発売号"
49940,オレとあたしの彼氏サマ,他和她的男友殿下,"2012-11-24 (2013年1月号)"
49971,ビー・バップ・ハイスクール,高校生极乐传说,"2003年35号"
50168,エリア88,基地88,"1986年"
50179,部室のドワーフちゃん,角扮社的豆丁妹,"2011-10-03（コミックラッシュ网络版）"
50572,ふたりの恋愛書架,两人的恋爱书架,"2013-07-24(2013年9月号)"
51207,怨み屋本舗 REBOOT,怨屋本铺 REBOOT,"2011年10月5日発売号"
51261,まおゆう魔王勇者,魔王勇者,"2016-11-11"
51389,Rewrite: SIDE-B,,"2015-05-30(2015年7月号/G'sコミック)"
51390,Rewrite: SIDE-R,,"2013-07-27"
52810,ジゼル・アラン,大小姐今日开业,"2014-08-11 (ハルタ volume17)"
53096,マジナ!,占术屋,"2010-09-22(2010年11月号/シルフ)"
53102,あさっての方向。,后天的方向,2007-06-15(2007年初夏号)
53455,ジーザス,JESUS,"1995年20号"
53456,JESUS 砂塵航路,沙尘航路JESUS,"2012"
53508,闇のイージス AEGIS IN THE DARK,闇之盾 AEGIS IN THE DARK,"2006年34号"
53509,暁のイージス AEGIS IN THE DAWN,晓之盾 AEGIS IN THE DAWN,"2008年35号"
55380,東京レイヴンズ RED AND WHITE,东京暗鸦 RED AND WHITE,"2013-10-09(2013年11月号)"
55798,電波女と青春男,电波女与青春男,"2013年9月号"
55973,神々の山嶺,神之山岭,"2003年7号"
56080,Doctor K,新无敌怪医K,"1998年45号"
56209,フダンシフル!,腐男子主义 高校篇,"2011-12-02 (2011年24号)"
56397,ちちんぷいッ!,灵异辣妹,"2003年5月号"
56646,The Umbrella Academy: Apocalypse Suite,,"2008-02-20"
57033,新 Petshop of Horrors,新 恐怖宠物店,2012-11-15
57312,有線少女 ~plug-in girl~,有线少女 ~plug-in girl~,"2014年3月号"
57579,ゴールデンタイム,青春纪行,"2016年7月号"
57703,キーチVS,辉一VS,2013年15号
57837,コイネコ,恋猫,2013年01月号
60006,ストロベリー・パニック!,草莓狂热,"2007年4月号"
60251,嘘つきみーくんと壊れたまーちゃん とっておきの嘘,说谎的男孩与坏掉的女孩 深藏的谎言,"2010-12-29（2011年2月号）"
60281,魔法遣いに大切なこと 〜夏のソラ〜,魔法使的条件 夏日天空,"2009年1月号"
60488,イタズラなKiss,淘气小亲亲,"1999年3月号"
60892,ベン・トー zero Road to witch,便‧当 zero Road to witch,"2011-09-03 (2011年10月号)"
61178,NOT LIVES-ノットライヴス-,NOT LIVES,"2016年12月号"
61513,月の珊瑚,月之珊瑚,"2019-01-22"
61963,海虎,海虎,"1995-09-08"
61964,海虎II,海虎II,"1996-08-16"
61965,海虎III,,"1997-07-25"
62121,新クロサギ,新诈欺猎人,"2012-08-06 <ビッグコミックスピリッツ 2012年36・37合併号>"
62433,隣のあたし,隔壁的我,"2012-02-13(2012年3月号)"
62613,図書館戦争 SPITFIRE！,图书馆战争SPITFIRE!,"2008-04-21(2008年6月号)"
62634,幻獣の星座,幻兽星座,2007-08-28
65455,冷たい校舎の時は止まる,时间停止的校舍,"2009-04-06(2009年5月号)"
65736,ナナヲチートイツ,七绪的七对子,"2013年4月号"
68096,こたつやみかん,,2014-04-25(2014年6月号)
68207,菩提樹寮のアリア〜金色のコルダシリーズ〜,菩提树寮的抒情调～金色琴弦系列～,"2013-08-24 (2013年10月号)"
68420,お姉ちゃんが来た,姐姐来了,2020-06-27(2020年8月号)
68690,スティーブ・ジョブズ,乔布斯传,"2014-06-13 (ハツキス 2014年7月号)"
69292,HUNGRY JOKER,饥饿小丑,"2013-05-13 (2013年24号)"
69325,部長に威厳はありません,部长她没有威严,"2014-05-28"
69409,ホテル・ラヴィアンローズ,玫瑰人生HOTEL,"2013年2月号"
69649,文豪ストレイドッグス,文豪野犬,"2026-03-04(2026年4月号)"
70168,ラブロマ,来恋爱吧,"2005年12月号"
70238,キラキラ!,恋爱高中生,"1990年25号"
70461,風光る,光之风,"2020-05-28(2020年7月号)"
70833,ワイルドマウンテン,,2010年2月号
70911,怪盗ジョーカー,怪盗Joker,"2017年8月号(月刊コロコロコミック)"
70929,ぎんぎつね,银狐,"2022-10-19(2022年11月号)"
71331,バトルクラブ,斗阵俱乐部,"2006年19号"
71332,バトルクラブ2nd stage,斗阵俱乐部 2nd stage,"2009年11月号"
71665,HEAT -灼熱-,HEAT -灼热-,2004年5月14日号
71740,かみさまドロップ,神落,"2016-07-06(2016年8月号)"
71893,クラヴィコード,翼琴之歌,"2013-01-28(No.16)"
72003,モンキーターン,驰风！竞艇王,"2005年3号"
72133,ハル姉が僕に××する理由,春姐为我做××的理由,"2015-01-09(2014年2月号)"
72148,Injustice:Gods Among Us,不义联盟：人间之神,2016年9月
72325,朝霧の巫女,朝雾的巫女,"2007年8月号"
72384,いますぐお兄ちゃんに妹だっていいたい!,现在就想告诉哥哥，我是妹妹!,"2014年4月号"
72587,クロス・マネジ,兜网球经理,"2013-07-22 (2013年34号)"
72622,夏色キセキ,夏色奇迹,"2013年4号"
72890,遊撃宇宙戦艦ナデシコ,游击宇宙战舰,"1999年2月号"
72948,アルカナ・ファミリア -Amore Mangiare Cantare!-,魔力家族 Amore Mangiare Cantare!,"2014-04-22(2014年6月号)"
73367,劇場版 STEINS;GATE 負荷領域のデジャヴ,剧场版 命运石之门 负荷领域的既视感,"2013-10-26(2013年12月号)"
73639,白雪姫と7人の囚人,白雪公主与7个囚犯,"2013-12-12 (2013年52号)"
73850,すとれんじマンション,怪人公寓,"2006-06-28(2006年8月号)"
73949,マギ シンドバッドの冒険,天方魔谭MAGI 辛巴达的冒险,"2018-05-02"
74195,ねこだらけ,全是猫,2013-05-16(2013 No.24)
74894,マグダラで眠れ,梦沉抹大拉,"2015-04-04(2015年5月号)"
75138,戦場アニメーション,战场Animation,2013-12-04(2014年1月号)
75336,ビブリア古書堂の事件手帖,古书堂事件手帖 （交田稜作画）,"2013-09-06(2013年35号)"
75444,機動戦士ガンダム00F,机动战士高达00F,2009年7月号
75618,剣神の継承者,剑神之继承者,"2014年7月号"
75832,革命機ヴァルヴレイヴ 流星の乙女,革命机VALVRAVE 流星的少女,"2014-03-26(2014年5月号)"
76171,ぼくのとなりに暗黒破壊神がいます。,暗黑破坏神在身边,"2020-04-15 (2020年5月号)"
76549,ハツカレ,我的初恋男友,"2006年20号"
76578,GET LOVE!!,恋爱得分,"2004年第23号"
76850,花の騎士,花之骑士,"2011-07-20 (2011年16号)"
76887,詭弁学派、四ッ谷先輩の怪談。,诡辩学派 四谷学长的怪谈,"2010-07-05 (2010年31号)"
76889,タカマガハラ,高天原,"2012年49号"
77466,SILENT KNIGHT翔,静斗士翔,"1992年第48号"
77763,ファイナルファンタジー零式外伝 氷剣の死神,最终幻想 零式外传 冰剑的死神,"2014-01-11(2014年2月号)"
78018,靴ずれ戦線 -魔女ワーシェンカの戦争-,呆萌蠢战线 魔女瓦西卡的战争,"2012-12-19(2013年2月号)"
78501,あまりまわり,亚麻理的日常,"2016-01-27(2016年3月号)"
78548,夢幻外伝,梦幻外传,"1996-04-13(Vol.31/眠れぬ夜の奇妙な話/ネムキ1996年5月号)"
79818,凪のあすから,来自凪之明日,"2016年5月号"
80746,私がモテてどうすんだ,我太受欢迎了该怎么办,"2018-02-13 (2018年3月号)"
80963,キミと楽園ROOM,你与乐园之屋,"2013-07-19(2013年9月号)"
80979,聲の形,声之形,"2014-11-19 (2014年51号)"
81131,Fate/Prototype 蒼銀のフラグメンツ,Fate/Prototype 苍银的碎片,"2016年10月号"
81426,トライAンジェル,试爱Angel,"2013-06-27(2013年30号)"
83096,寄生彼女サナ 〜Parasistence SANA〜,寄生女友莎娜,"2014年1月号"
83147,当世幻想博物誌,当世幻想博物志,"2011-09-28 (2011年11月号)"
84148,STEINS;GATE,命运石之门,"2013-07-27(2013年9月号)"
84721,ib -インスタントバレット-,ib -丢弃的子弹-,"2015-08-27(2015年10月号)"
84886,魔法科高校の優等生,魔法科高校的优等生,"2020-06-27 (2020年8月号)"
85009,RACK —13係の残酷器械—,RACK 13科的残酷器械,"2019-06-14(2019年7月号)"
85183,デート・ア・ライブ (1),约会大作战,"2013年2月号"
85197,青春乙女番長!,青春少女魔头,"2014-01-11(2014年2月号 )"
85254,青春×機関銃,青春×机关枪,"2019-08-17(2019年9月号)"
85856,東京喰種トーキョーグール［JACK］,东京喰种JACK,"2013-09-12"
85958,キングダム ハーツ チェイン オブ メモリーズ,王国之心-记忆之链,"2006-03-11(2006年4月号)"
85999,キングダム ハーツ 358/2 Days,王国之心 358/2天,"2012-09-12(2012年10月号)"
87037,よろず占い処 陰陽屋へようこそ,欢迎来到阴阳屋,"2015-09-01 (Vol.32)"
87590,ねらいうち!,被瞄准的恋爱,2014-02-20(2014年No.3)
87719,ペコロス,小玉葱,2013-07-25(2013年Vol.08/月刊ビッグガンガン)
88271,王子達は依存する,王子恋爱依存症,"2009年1月号"
88674,妄想稼業の道長さん,妄想持家的道长同学,"2014-04-05(2014年5月号)"
89457,ヨルカフェ。,夜色咖啡馆,"2008-11-08(2008年11月号)"
89821,進撃の巨人 Before the fall,进击的巨人外传 Before the fall 漫画版,"2019-03-26 (2019年5月号)"
90144,DOG DAYS,,"2011-09-26 (月刊コンプエース2011年11月号)"
90755,エスカ&ロジーのアトリエ 〜黄昏の空の錬金術士〜,艾斯卡&洛吉的工房 ~黄昏天空的炼金术师~,"2014-11-27(2015年1月号)"
91567,zen zen (01),zen zen 古濑学习塾,"2011年4月号"
91819,もうすぐ死ぬひと,将死之人,"2015-05-13"
91992,Stand Up!,,"2018-04-24(2018年6月号)"
92166,不能犯,不能犯,"2020-11-04 (2020年23号)"
92605,僕に恋するメカニカル,和我谈恋爱的机器妹子,"2014-06-04（2014年7月号）"
92869,クロクロク,妖界治安官,"2013-11-25 (2013年52号)"
93191,機動戦士ガンダムSEED ASTRAY,机动战士高达SEED ASTRAY,No.016
93295,デート・ア・ライブ 十香デッドエンド,约会大作战 十香篇,"2014-10-25(2014年12月号)"
93353,かりん,增血鬼果林,"2008年3月号"
93391,モーレツ宇宙海賊 ABYSS OF HYPERSPACE —亜空の深淵—,暴力宇宙海贼 剧场版 亚空的深渊,"2014-09-27(2014年11月号)"
94017,X-Babies: Stars Reborn,X战警宝宝,"2010-01-27"
94039,BRIGADOON まりんとメラン,麻玲与苍蓝剑士,"2001年4月号"
94436,乱視の国のアリス,乱视之国的爱丽丝,"2013-12-21 (VOL.105 2014年1月号)"
95083,龍ヶ嬢七々々の埋蔵金,龙娘七七七埋藏的宝藏,"2013-04-12"
95167,新・天地無用! 魎皇鬼,,"2006年1月号"
95466,悪性 -アクサガ-,恶性,"2006-01-26(2006年3月号)"
95962,Doubt!,,"2014年3月号"
96469,相沢さん増殖,增殖女友相澤,2017-02-02
96514,Death/こみゅにけーしょん,圣杯女学园,"2009年"
96539,キミノネイロ,你的音色,"2011-11-02(2011年12月号)"
96549,1年5組いきものがかり,1年5组生物小队,"2012-12-28(2013年2月号)"
96557,オレンジ・プラネット,香橙行星,"2007-11-02(2007年12月号)"
96566,AAA,,"2009年4月号"
96584,チェリージュース,樱桃果汁,"2006年1月号"
96589,ちよこれいと,初恋巧克力,"2010-04-30(2010年6月号)"
96593,けだものだもの,热夏野男孩,"2007年"
96827,高床式少女,高床式少女,"2017-06-12(2017年13号)"
97127,革命機ヴァルヴレイヴ 裏切りの烙印,革命机VALVRAVE 背叛的烙印,"2014-01-22(2014年3月号)"
97254,つきツキ!,月神来我家,"2016年5月(2016年7月号)"
97442,ハンドレッド,百武装战记,"2015年1月号"
97991,機動戦士ガンダム FAR EAST JAPAN,机动战士高达：远东日本,"2014年3月号"
98017,一輝まんだら,一辉曼荼罗,"1975年4月12日号"
98264,超級!機動武闘伝Gガンダム,超级！机动武斗传G高达,2016年10月号
98340,姫さま狸の恋算用,狸公主的恋爱计算,"2016-12-06(2016 No.24)"
98911,ミカグラ学園組曲,御神乐学园组曲,"2016-02-15(2016年3月号)"
99218,グラン・ローヴァ物語,银晶球物语,"1993年"
99661,わがままちえちゃん,任性的千惠,"2015-02-12 (2015年3月号)"
99862,武神,武神,"2003-07-15"
100219,おれと一乃のゲーム同好会活動日誌,我与一乃的游戏同好会活动日志,"2012-12-27(2013年2月号)"
101285,花街鬼,花街鬼,"2014-06-10(2014年7月号増刊)"
101336,菫画報,堇画报,"1999年5月号"
101345,二十面相の娘,二十面相少女,"2007-01-05(2007年2月号)"
101402,鬼灯さん家のアネキ(＋妹),鬼灯家的大姐姐(+妹),"2018-03-02(4月号)"
101527,エンジェル・ハート 2ndシーズン,天使心2nd Season,"2017年7月号"
102195,私たちには壁がある。,你我之间一墙之隔。,"2017-02-24(2017年4月号)"
102513,艦これプレイ漫画 艦々日和,舰队收藏游戏经历漫画：舰舰日和,"2018-09-14"
102516,艦隊これくしょん -艦これ- いつか静かな海で,舰队收藏 -舰Colle- 在终将平静的海面上,"2016-06-26(2016年8月号)"
103527,俺の脳内選択肢が、学園ラブコメを全力で邪魔しているH,我的脑内选项正全力干扰着这出校园恋爱喜剧H,"2014-04-10(2014年5月号)"
103534,STEINS;GATE 星屑のデュプレット,命运石之门 星尘的二连音,"2012-02-24"
103542,僕はお姫様になれない,我无法成为公主,"2016-06-27"
103560,STEINS;GATE 閉時曲線のエピグラフ,命运石之门 闭时曲线的碑文,"2013-12-27"
103717,ぼっち日和。。,酷娇少女日和,"2012-04-27(2012年6月号)"
103747,マージナル・オペレーション,边缘行动,2021-01-25(2021年3月号)
103870,目玉焼きの黄身 いつつぶす?,何时搅了荷包蛋的黄？,"2019年5月号"
104431,魔街の坂,,"2014-02-15(volume11/ハルタ)"
104514,恋と選挙とチョコレート,恋爱与选举与巧克力,"2014年4月号"
104649,七福マフィア,七福黑手党,"2014-11-22(2015年1月号)"
104801,hshsさせろ!!,能让我兴奋的味道是幼女味,"2016-05-27 (VOL.33/2016年07月号)"
104883,BATMAN CHILD OF DREAMS,,2001年7月号(2001-05-26)
104986,この島には淫らで邪悪なモノが棲む,这个小岛上栖息着荒邪之物,"2018-03-27(2018年5月号)"
105242,甘城ブリリアントパーク,甘城光辉游乐园,"2016-09-09(2016年10月号)"
105390,うちの陛下が新米で。,我家的陛下是新手哟。,"2015-06-24(2015年8月号)"
105446,ポメロメコ,,"2015年1月号"
105532,Tintin au Tibet,丁丁在西藏,"1959-11-25"
105554,狼陛下の花嫁,狼陛下的花嫁,"2018-07-24(2018年9月号)"
105713,Tintin au Pays des Soviets,丁丁在苏联,"1930-05-11"
105714,Tintin au Congo,丁丁在刚果,"1931-06-11"
105715,Tintin en Amérique,丁丁在美洲,"1932-10-20"
105717,Les Cigares du pharaon,法老的雪茄,"1934-02-08"
105718,Le Lotus bleu,蓝莲花,"1935-10-17"
105719,L'Oreille cassée,破损的耳朵,"1937-02-25"
105720,L'Île Noire,黑岛,"1938-06-16"
105721,Le Sceptre d'Ottokar,奥托卡王的权杖,"1939-08-10"
105722,Le Crabe aux pinces d'or,金钳螃蟹贩毒集团,"1941-10-18"
105723,L'Étoile mystérieuse,神秘的流星,"1942-05-21"
105724,Le Secret de la Licorne,独角兽号的秘密,"1943-01-14"
105725,Le Trésor de Rackham le Rouge,红色拉克姆的宝藏,"1943-09-23"
105727,Le Temple du Soleil,太阳神的囚徒,"1948-04-22"
105730,On a marché sur la Lune,月球探险,"1953-12-29"
105731,L'Affaire Tournesol,向日葵教授绑架案,"1956-02-22"
105732,Coke en stock,货舱里的黑幕,"1958-01-01"
105733,Les Bijoux de la Castafiore,绿宝石失窃案,"1962-09-04"
105734,Vol 714 pour Sydney,714航班,"1967-11-28"
105735,Tintin et les Picaros,丁丁与丛林战士,"1976-04-13"
105790,ベルゼブブのメイド,魔王撒旦的女仆,"2014-09-05"
106002,架刑のアリス,架刑的爱丽丝,"2018-09-15(2018年10月号)"
106014,裸足でバラを踏め,裸足玫瑰,"2012-03-19 (2012年8号 特大号)"
106227,うわさの翠くん！！,传说中的翠君！！,"2008年第14号"
106265,萌えカレ!!,萌男友,"2006年第14号"
106630,艦隊これくしょん -艦これ- 水雷戦隊クロニクル,舰队收藏 -舰Colle- 水雷战队编年史,"2016-09-26(2016年11月号)"
106631,艦隊これくしょん -艦これ- side:金剛,舰队收藏 -舰Colle- side：金刚,"2014-04-10(2014年5月号)"
107122,スミカスミレ,澄和薰,"2018-03-28(2018年5月号)"
107913,ミサイルとプランクトン,导弹与浮游生物,"2016-03-26(2016年5月号)"
107935,釣りチチ・渚,波霸钓手渚,"2012-02-19(2012年3月号)"
107941,つらみ相互感系,,"2014-04-24"
108551,テクノクラノイズ,眼镜废材男与海盗少女,"2011-10"
108740,もぐささん,百草同学,"2016年6・7合併号"
108809,ブラッディ+メアリー,血腥+玛丽,"2017-02-24(2017年4月号)"
108846,学園チャイカ!,学园嘉依卡！,"2014-12-11(2015年1月号)"
109110,絶望男子と中国娘,绝望男子与中国娘,"2018-03-01"
109225,たまごのきみ。,鸡蛋少女,"2007年2月号"
109447,新機動戦記ガンダムW Endless Waltz 敗者たちの栄光,新机动战记高达W Endless Waltz 败者们的荣光,"2018年1月号"
109498,ステラのまほう,斯特拉的魔法,"2021-12-18(2022年2月号)"
110134,魔法少女管理官・半村久雪,魔法少女管理官半村久雪,"2014-07-26(2014年9月号)"
110748,ダッシュ!四駆郎,四驱小子,"1993年"
110968,BMネクタール,BM究极生物,"2002-07-11 (2001年33号)"
110995,うみねこのなく頃に翼,海猫鸣泣之时翼,2013-04-25(BG 2013Vol.05)
111371,ハツ*ハル,初❀春,2018-04-13(2018年5月号)
111916,出口ゼロ,出口为零,"2017-05-01(2017年6月号)"
112141,Honey Rose 【合本版】,,"2002年9月号"
112177,ディアティア,,"2017-10-31(Vol.25/楽園 Le Paradis)"
112323,嘘つきボーイフレンド,谎言男友,"2017-09-28(2017年11月号)"
112336,う,鳗鱼,"2013年2・3合併号"
112370,ちっちゃいときから好きだけど,从小开始恋上你,"2017-02-13(2017年3月号)"
112519,天のおとしもの,天使爱说笑,"2005-01-18  (2005年1号)"
112567,間宮さんといっしょ,和间宫同学一起,"2018-07-02"
112638,ストライクウィッチーズ オーロラの魔女,强袭魔女 极光的魔女,"2014-10-25(2014年12月号)"
112842,復讐教室,复仇教室,"2017-07-01"
113411,青空嫌いの嘘つきセミ子,讨厌蓝天的说谎的蝇子,"2014-08-11"
113473,端脑,端脑,"2016-05-04"
113515,片翼のラビリンス,片翼迷宫,"2016-07-05 (2016年15号)"
113947,うそカノ,假装女友,"2018-03-24(2018年5月号)"
114402,あくまで恋しよう,彻底地恋爱吧,"2012-07-24(2012年9月号)"
114489,誰も知らない塔のある町,无人知晓的有塔小镇,"2017-01-27（2017年3月号）"
114711,ソードガイ 装刀凱,SWORD GAI 装刀凯,"2015年11月号"
114932,王子とヒーロー,王子与英雄,"2012-12-28(2013年2月号)"
114989,デュラララ!! 3way standoff -alley-,,"2014-08-22(2014年10月号)"
115026,君はぼくのヒーローさ,你是我的英雄,"2008年No.12"
115060,新 仮面ライダーSPIRITS,新 假面骑士SPIRITS,"2025-07-04（2025年8月号）"
115561,ソードアート・オンライン キャリバー,,"2015-06-30（2015年8月号/Vol.15）"
115562,ソードアート・オンライン マザーズ・ロザリオ,,"2016-04-09（2016年5月号/vol.49）"
115938,愛しの花凛,亲爱的花凛,"2014-12-24(2015年2月号)"
115989,鷲尾須美は勇者である,鹫尾须美是勇者,"2015年1月号"
116504,君死ニタマフ事ナカレ,愿君勿死,"2020-08-25(2020 Vol.09)"
117125,咲くは江戸にもその素質,江户盛开的腐花,"2015-09-08"
117214,護くんに女神の祝福を! a blessing of Venus.,献上女神的祝福 a blessing of Venus.,"2008年8月号"
117452,監視官 常守朱,监视官 常守朱,"2013年6月号"
117991,PSYCHO-PASS サイコパス 監視官 狡噛慎也,PSYCHO-PASS 监视官 狡啮慎也,"2017年12月号"
118342,ボーイスカート,薛定谔之裙,"2016-04-19 (2016年5月号)"
118692,いんてる先輩,英特尔学姐,"2012-08-27 (2012年10月号)"
118880,SHIROBAKO ～上山高校アニメーション同好会～,白箱 ～上山高校动画制作同好会～,"2015-11-27(2016年1月号)"
118893,ネトゲの嫁は女の子じゃないと思った？,线上游戏的老婆不可能是女生？,"2018-09-29(2018年11月号)"
119166,アイシテル〜海容〜,爱与宽恕,"2007年4号"
119169,アイシテル〜絆〜,爱与宽恕2,"2010年19号"
119563,いつわりびと◆空◆,虚实少年・空,"2013-09-03 (CLUB SUNDAY)"
119585,キミと死体とボクの解答,你与死体与我的解答,"2014-04-30 (2014年6月号)"
119708,あの娘にキスと白百合を,为那女孩献上吻与白百合,"2019-02-27 (2019年4月号)"
120048,カミヨメ,神嫁,"2011-11-22 (2011年12月号)"
120161,盾の勇者の成り上がり,盾之勇者成名录,"2013-10-29"
120219,魂の剣,魂之剑,"1995年18号	"
120273,ティンクル☆くるせいだーすGoGo!,闪耀十字军GoGo!,2010年10月号
120346,艦隊これくしょん -艦これ- 島風 つむじ風の少女,舰队收藏 -舰Colle- 岛风 旋风的少女,"2016-02-27(2016年4月号)"
120891,こちら、幸福安心委員会です。,这里是、幸福安心委员会。,"2016-01-15(17号)"
121068,魔法少女ここねはかく語りき,魔法少女心音如是说,"2016-03-09 (2016年4月号)"
121141,結城友奈は勇者部所属,结城友奈是勇者部成员,"2016年9月号"
121533,黙示録アリス,默示录Alice,"2015-06-15(2015年7月号)"
121651,あなたのオモチャ 新婚編,玩具爱人新婚篇,"2016-12-19(2017年1月号)"
121790,プランダラ,星掠者,"2022-04-26 (2022年6月号)"
121938,Re:ゼロから始める異世界生活 第一章 王都の一日編,Re:从零开始的异世界生活 第一章 王都的一日,"2015-02-27(2015年4月号)"
122128,花は桜よりも華のごとく,樱之未若花之华,"2012-10-24(2012年10月号)"
122335,湾岸ミッドナイト,湾岸午夜,2008年9月（週刊ヤングマガジン）
122382,湾岸ミッドナイト C1ランナー,,2012年32号
122402,銀灰のスピードスター,,"2015-07-06 (2015年20号)"
122432,青春SCRAP!,青春SCRAP！,"2015-05-09(2015年6月号)"
122469,宮廷神官物語,宫廷神官物语,"2010年9月号 "
122558,乙女王子 〜女子高漫研ホストクラブ〜,乙女王子 ～女子高中漫研男公关俱乐部～,"2009年10月号"
122611,酪農みるく,酪农牛奶,"2015年30号"
122736,それならいっそ恋になれ,不如就这样恋爱吧,"2013年19号"
122784,五色の舟,五色之舟,"2014-02-12 (2014年3月号)"
122827,偽コイ同盟。,伪恋同盟。,"2015-11-11"
122954,部活少女ゆう,,2011-09-01
122970,すみれの花咲く頃,,"1991年24号"
122973,甘い水,甘甜之水,"2002年42号"
122976,しずかの山,山岳达人,"2011年24号"
123007,アイ’ム ホーム,I’m home,"1998年12月"
123044,セクシーボイス アンドロボ,,2003年2月号（第13号）
123077,毎日かあさん,每日妈妈,"2017-06-26"
123120,マエストロ,,"2007年12月"
123201,チェイサー,,"2019年2号"
123208,あれよ星屑,啊，星屑,"2018-01-12(2018年2月号)"
123525,砂の器,,"1961-04-20"
123828,ちおちゃんの通学路,千绪的通学路,"2018-09-05（2018年10月号）"
123839,たそがれたかこ,黄昏季节的高子,"2017-05-15(2017年11号)"
123862,スパイダーマン,蜘蛛人,"1971年9月号"
124027,獄門島,狱门岛,"1948年10月"
124180,堕落論,堕落论,"1946-12-01"
124191,こもりクインテット!,小森五重奏！,"2015-05-27(2015年7月号)"
124332,五時間目の戦争,第五节课的战争,"2017-02-03 (2017年3月号)"
124425,Wizard's Soul 〜恋の聖戦〜,Wizard's Soul 〜恋之圣战〜,"2015-07-04 (2015年8月号)"
124463,魔物鑑定士バビロ,魔物鉴定师巴比罗,"2014-12-27(2014 vol.6)"
124785,転生したらスライムだった件,关于我转生变成史莱姆这档事,"2014-07-14 (最终话)"
124823,美しい男,,2000年6月号
125057,Now playing,,"2016-04-21"
125067,イヌカイ×トライヴ,犬饲×部族,"2016-09-08"
125069,彼方の咎人が闘う理由,彼岸之罪人战斗的理由,"2015-02-05"
125645,風雲児たち,,"1997年11月号"
125927,だんちがい,群居姐妹,"2021-09-22(2021年11月号)"
126490,金色のコルダ Blue♪Sky,金色琴弦 Blue♪Sky,"2014-06-24 (2014年8月号)"
126946,SSS!,,"2015-10-15(2015年11月号)"
126981,異世界迷宮の最深部を目指そう,异世界迷宫最深部为目标,"2021-05-28"
126986,ダブルゲージ,药GG-Double Gauge,"2014-07-15 (2014年8月号)"
127149,師匠シリーズ,师匠系列,"2018-03-30(2018年5月号)"
127407,女の子の設計図,女子的设计图,"Vol.8(2012-07-28)"
127475,小百合さんの妹は天使,小百合小姐的妹妹是天使,"2016-06-03(2016年7月号)"
127479,ぷあーなんてもうしまい,,"2015-11-27(VOL.27)"
127502,俺の嫁なんていねぇ！,我没有老婆！,"2016年1月号"
127515,カナシカナシカ,,"2011年10月号"
127604,大純情くん,,"1977年41号"
127606,出戻社員伝,,"1974年3月28日号"
127626,親不知讃歌,,"1977-03-26"
127655,児女英雄伝,儿女英雄传,2000年5月号(无限期休载)
127661,三ツ星カラーズ,三颗星彩色冒险,"2020-06-27 (2020年8月号)"
127720,少女は書架の海で眠る,少女于书架之海中沉睡,"2015-07-27(2015年9月号)"
127919,アゲハ100%,彩蝶百分百,"2006年5月号"
128298,今日のケルベロス,地狱三头犬的日常,"2018-05-11(2018年6月号)"
128485,ヤスコとケンジ,,"2006年（2006年11月号）"
128542,天使の3P!,天使的3P!,"2018-10-30(2018年12月号)"
128578,メイちゃんの執事,小咩的管家,"2012-11-20 (2012年24号)"
128659,辻浦さんとチュパカブラ,辻浦同学与卓柏卡布拉,"2015-07-09 (2015年32号)"
128905,サイボーグ009（Shotaro World）,人造人009,"1992-01-01"
129146,金色の文字使い -勇者四人に巻き込まれたユニークチート-,金色文字使 -被四名勇者波及的独特外挂-,"2016-11-16 (本篇)"
129230,怪談イズデッド,怪谈 is dead,"2017-05-06"
129306,ヨイコノミライ!,,"2005年11月号"
129374,月下ノ外レ外道,,"2017-02-17"
129628,ペン先にシロップ,染上蜜糖的笔尖,"2013-06-24 (2013年8月号)"
129726,カプチーノ,卡布奇诺,"2015-07-15(volume26)"
129746,甘忍少女あずき,,"2007-12-27(COMIC SEED! 2008年2月号)"
129902,超昂閃忍ハルカ,超昂闪忍遥,"2016年8月号"
130321,人生~マンガの章~,人生~漫画之章~,"2015-03-19 (2015年4月号)"
130792,俺たちに翼はない ~Rhapsody~,我们没有翅膀 ~Rhapsody~,"2010年2月号"
130801,俺たちに翼はない フレッジリング,我们没有翅膀 Fledgling,"2011-12"
130995,数学ガール ゲーデルの不完全性定理,数学少女 哥德尔不完备定理,"2011-10-27(2011年12月号)"
131047,食糧人類,食粮人类,"2015-01-16"
131163,舞-乙HiME Zwei,,"2007-04-19(2007年6月号)"
131366,ましろ色シンフォニー,纯白的交响曲,"2010年10月号"
131474,逢刻町そらそれ,,"2015年1月号"
131504,武装少女マキャヴェリズム,武装少女,"2022-06-24 (2022年8月号)"
131549,黒子のバスケ EXTRA GAME,黑子的篮球 EXTRA GAME,"2016-03-03(2016 vol.1)"
131550,黒子のバスケ Replace PLUS,黑子的篮球 Replace PLUS,"2018-04-24"
131579,ひとりぼっちの○○生活,孤独地躲在墙角画圈圈,"2021-04-27 (Vol.92)"
131777,マリッジロワイヤル,,"2011-01-27"
131915,ときめいちゃってゴメンね?,对你动心很抱歉？,"2015-07-18(2015年16号)"
132017,姑獲鳥の夏,姑获鸟之夏,"2014-12-10(vol.0043/怪)"
132206,ショートカッツ,,"1999年12号"
132217,骸盗アリス,骸盗爱丽丝,"2016-06-28(2016年8月号)"
132706,はしっぽ花星,角落的花星,"2014-12-27(2015年02月号/月刊)"
133104,おはよう、いばら姫,早上好，睡美人,"2017-05-24(2017年7月号)"
133188,ぼっちマン,孤独者,"2014-10-25(2014年12月号)"
133374,G専ラフスケッチ,,"2013-04-09(2013年5月号)"
133644,マジカノ,魔法彼女,"2008-04-26 (2008年6月号)"
133695,ヒニイル,红炎之恋,"2016-06-25"
134621,아메리칸 유령잭,吓不走的爱人,"2016-06-17"
134970,やがて魔剱のアリスベル,魔剑的爱丽丝贝尔,"2015-08-29(2015年10月号/Vol.17)"
134994,東京物語,东京物语,"1992年1月号"
135220,箱庭テレパシー,箱庭感应,"2014-10-23"
135570,トリコロ,同栖女子寮,"2005-04-09(きらら2005年5月号) / 2009-05-27(電撃大王2009年7月号)"
135656,機動戦士ガンダム 逆襲のシャア ベルトーチカ・チルドレン,机动战士高达 逆袭的夏亚 贝托蒂嘉的子嗣,"2018-03-26 (2018年5月号)"
135815,笑って！外村さん,外村同学，笑一个,"2017-10-21(まんがタイムスペシャル2017年12月号)"
135872,筆神,笔神,"2004年4月号"
136184,ことゆいジャグリング,甜心马戏团,"2007年5月号"
136360,ワンダリングワンダーワールド,漫步奇妙世界,"2017-01-26(2017年3月号)"
136518,オーバーロード,OVERLORD,"2023-05-25 (2023年7月号)"
136924,完璧☆彼氏彼女,完美☆彼氏彼女,"2011-09-13(2011年10月号)"
137642,この素晴らしい世界に爆焔を！,为美好的世界献上爆炎！,"2015-06"
138562,君のコトなど絶対に,绝不放过你,"2017-07-24(2017年9月号)"
139061,ハイパーダッシュ! 四駆郎,新冲锋！四驱郎,"2021-03-15 (2021年春号)"
139122,機動戦士ガンダムF91,,"1991年5月号"
139284,燐寸少女,火柴少女,"2017-11-04(2017年12月号)"
139286,インヘルノ,禁断姐弟恋,"2017-09-05(2017年10月号) (到23话)"
139720,イナズマン,闪电人,"1974年"
139739,よつば男子寮戦線,四叶男子宿舍战线,"2015-02-24 (2015年4月号)"
140140,ペルソナ4,女神异闻录4,"2019-03-27 (電撃マオウ 2019年5月号)"
140678,終末なにしてますか? 忙しいですか? 救ってもらっていいですか?,末日时在做什么？有没有空？可以来拯救吗？,"2016-03-31"
141228,深夜のダメ恋図鑑,深夜的奇葩恋爱图鉴,"2022-10-07 (2022年11月号)"
141293,ラブホの上野さん,爱情向导上野先生,"2018-09-05(2018年10月号)"
141415,未確認系クリプトハート,未确认系Crypt Heart,"2015-07-27(2015年9月号)"
141650,乃木若葉は勇者である,乃木若叶是勇者,"2017-01-30(2017年3月号)"
141807,とんかつDJアゲ太郎,炸猪排DJ扬太郎,"2017-03-23"
142239,绯色安娜,,"2010-09-24（第131期）"
142283,結城友奈は勇者である,结城友奈是勇者,"2018-08-30 (2018年10月号)"
142284,鷲尾須美は勇者である,鹫尾须美是勇者,"Vol.8（2015年1月号）"
142455,SHONANセブン,湘南七人,"2019-07-06(2019年8月号)"
142759,四姉妹エンカウント,橘家四姐妹,"2014-03-20 (2014年4月3日号)"
142869,激突のヘクセンナハト,激突的魔女之夜,"2017-01-27(2017年3月号)"
142942,レッドナイト・イヴ,真红的前夜,"2018-12-07(2019年1月号)"
143039,暗黒学校,暗黑学校,"2015-06-05"
143227,裏切りは僕の名前を知っている,无法逃离的背叛,"2017年6月号"
143257,班长大人！,,"2013-06-17（第266期）"
143593,スカイ・ワールド,苍穹境界 SKYWORLD 漫画版,"2014年11月号"
143596,すいまさんといっしょ,,"2014-08-09(2014年9月号)"
143752,けんもほろろ,,"2016-10-11(2016年11月号)"
143879,腹黒舞子さんとの京生活,和腹黑舞子的京都生活,"2016-04-04 (2016年5月号)"
143904,青の橘花,青之橘花,"2009-02-18"
144048,死神姫の再婚－薔薇園の時計公爵－,死神姬的再婚~蔷薇园的时计公爵~,"2016-02-26"
144289,保留荘の奴ら,保留庄的杀人鬼,"2015-08-29"
144296,現代魔女の就職事情,现代魔女的就业之路,"2017-12-27(2018年02月号)"
144370,Re:ゼロから始める異世界生活 第二章 屋敷の一週間編,Re:从零开始的异世界生活 第二章 宅邸的一周篇,"2017-01-25(2017年Vol.1)"
144405,Blue Lust,,"2017-08-22(2017年10月号)"
144446,兄に愛されすぎて困ってます,哥哥太爱我了怎么办,"2018-03-20(2018年8号)"
144649,パンでPeace!,面包带来和平,"2017-11-27 (2018年1月号)"
144736,あかやあかしやあやかしの,赤与灯皆有诡异,"2016-06-15(2016年7月号)"
145093,突然ですが、明日結婚します,也许很突然、明天我要结婚了,"2018-05-08(2018年6月号)"
145118,Charlotte,夏洛特,"2019-01-26(2019年2月号)"
145123,サバンナゲーム The Comic,野蛮游戏,"2016-07-22 (ULTIMATE編完结)"
145357,少年メイド,少年女仆,"2017-03-01(Vol.50)"
145947,S渡さんとM村くん,S佐渡小姐与M江村君,"2016-12-31(2017年2月号)"
146022,ホス探へようこそ,华丽男公关侦探社,"2009年"
146163,結婚しても恋してる,婚后之恋,"2017-03-10"
146203,僕に花のメランコリー,我与花的忧郁,"2019-12-05(2020年01号)"
146249,コスモス楽園記,,"1989年"
146398,高嶺の花なら落ちてこい!!,就算是高岭之花也要攻略！,"2019-06-20"
146528,1月にはChristmas,1月的圣诞节,"1983年4・5合併号"
146642,私立星城学園きらりん寮,私立星城学院星璃寮,"2016年3月号"
146863,てんしちゃんとあくまくん,天使酱和恶魔菌,"2014-08-27(2014年10月号)"
147625,ベイブレード バースト,,"2021年12月15日(2022年1月号)"
147689,瞬間ライル,瞬间莱尔,"2018-04-28(2018年6月号)"
147883,廻生のカリカチュア,回生的Caricature,"2016-12-12(2017年1月号)"
147894,あやめとあまね,菖蒲和天音,"2016-08-17"
147906,雛鳥のワルツ,雏鸟的华尔兹,"2017-04-20(2017年10号)"
148012,アイツとカノジョと魔法の手,他她与魔法之手,"2015-07-13(2015年8月号)"
148135,ちぐはぐ少女のダイアログ,不协调少女的对白,"2015-07-27(Vol. 23)"
148417,封神しない演義,演义不封神,"2018-08-24(2018年10月号)"
148532,大旗英雄傳,大旗英雄传,"1963年12月"
148618,拳頭,拳头,"1975年6月（245期）"
148665,K -ドリーム・オブ・グリーン-,K 绿之梦,"2016年4月号"
148679,御伽大戦 ファンタズマ,御伽大战 亡灵,"2014年7月号"
148799,docca,,"2012年6月号"
148809,からっと!,CARAT!光之魔法国,"2009年10月号"
148897,瑪瑙之竜,玛瑙之龙,"2013-10-15（volume8）"
149193,오렌지 마말레이드,吸血鬼也没关系,"2014-01-01"
149389,ヘヴィーオブジェクトA,重装武器A,"2016-10-27(2016年12月号)"
149397,オオカミさんと七人の仲間たち,,"2012-08-27（2012年10月号）"
149534,となりの吸血鬼さん,邻家的吸血鬼小妹,"2021-10-27(2021年12月号)"
149771,恋は人の外,恋人是人外,"2016-08-05(2016年17号)"
149775,ブラック・ブレット インタールードファッキュー!,,"2015-01-27（2015年3月号）"
149798,兄友,兄友,"2018-09-20(2018年20号)"
150095,天使の3P!の3P!!,天使的3P! 的3P!!,"2016-12-27(2017年2月号)"
150099,ゼロから始める魔法の書,零之魔法书,"2017-06-27(2017年08月号)"
150619,愛だ恋だを取り締まる俺に、春がやってきたので無秩序,,"2015年9月"
150787,きみとユリイカ,你和尤里卡,"2016-12-13 (2017年1月号)"
150907,僕が僕であるために。,为了我的存在,"2020年09月号"
151438,VOID -ヴォイド-,VOID-寂寞的快感-,"2015年11月"
151454,ĀTRAIL‐ニセカヰ的日常と殲滅エレメント‐,ATRAIL‐伪世界日常与毁灭之元素,"2018-10-26"
151635,トキワ来たれり!!,常磐来也,"2017-06-07 (2017年28号)"
151888,まりんとゆうれい,真铃和幽灵,"2013-06-05(2013年13号)"
152419,ういらぶ。 —初々しい恋のおはなし—,两小无猜。─纯真之恋─,"2017-07-20(2017年16号)"
152428,キミとだけは恋に堕ちない,绝对不会与你坠入爱河,"2017-06-02(2017年7月号)"
152690,放課後のピアニスト,放课后的钢琴社,2012-06-22（まんがタイムスペシャル2012年8月号）
152909,ニョロ子の生放送！,奈亚子的现场直播,"2016年6月号"
153554,イクシオンサーガED,,"2013-12-28 (2014年2月号)"
154100,さくらマイマイ,樱子的高校生活,"2018-02-27(2018年4月号)"
154120,マンホール 新装版,颤慄寄生,"2006-05-02(2006年10号)"
154345,ブレイブスター☆ロマンティクス,无畏之星☆罗曼史,"2017-09-15(2017年10/6号No.19)"
154755,ふかふか放課後パンくらぶ,软绵绵放学后面包俱乐部,"2016-09-17(2016年11月号)"
154996,ラーゼフォン,翼神传说,"2002-11-19 (2002年12月号)"
155184,わくわくろっこモーション,,"2016-11-26(コミック電撃だいおうじVol. 39)"
155537,今日から門限7:00です,从今天起门禁是7：00,"2016-08-12(2016年9月号)"
156145,スタミュ,高校星歌剧,"2015-10-22(2015年12月号)"
156305,天空の玉座,,"2018-12-06(2018年12月号)"
156382,失われた未来を求めて,追寻失去的未来,"2015-10-27(2015年12月号)"
157437,よしわら花おぼろ,吉原花胧影,"2012-09-24(2012年11月号)"
157745,町田くんの世界,町田君的世界,"2018-04-13(2018年5月号)"
157746,たましい いっぱい,,"2015年6月号"
157971,魔法使いと星降る庭,魔法师与星降庭院,"2016-08-24(2016年10月号)"
158066,シークレットの向こう側,,"2015年12月号"
158081,森のたくまさん,森林里的熊先生,"2016-11-05 (2016年23号)"
158859,ご隠居魔王の非日常,隐居魔王的非日常,"2016-12-24 (2017年2月号)"
159718,悲鳴伝,悲鸣传,"2017-12-06(2018年1月号)"
159720,オズとエルザ,奥兹与艾尔莎,"2016-10-04(2016年11月号)"
159917,三代目薬屋久兵衛,三代目药屋久兵卫,"2016-12-08(2017年1月号)"
160127,ザ・サード 砂漠の星のアプレンティスガール,THE THIRD 沙漠之星的实习少女,"2006-11-09 (2006年12月号)"
160446,ルルメイト,露露和她的小伙伴们,"2016年11月号"
160745,スピリット・マイグレーション,精神转移冒险记,"2017-05-17"
160855,シュルルン雪子姫ちゃん feat.ドロロンえん魔くん,,"2011年4月号"
161059,未踏召喚://ブラッドサイン,未踏召唤://鲜血印记,"2019-06"
161145,にゃんこデイズ,喵咪days,"2020-10-27(2020年12月号)"
161395,犬神さんと猿飛くんは仲が悪い。,犬神小姐和猿飞君的关系不好,"2015年9月号"
161439,A子さんの恋人,,"2020-07-15(volume76)"
161750,奇異太郎少年の妖怪絵日記,奇异太郎少年的妖怪绘日记,"2022-03-01"
161903,魔法少女育成計画,魔法少女育成计划,"2015-10-26(2015年12月号)"
161935,いつか天魔を斬る魔女,曾几何时斩杀天魔的魔女,"2012-06-26(2012年8月号)"
162112,あやかしこ,妖怪宅院,"2020年10月号 (月刊コミックキューン)"
162438,春木屋さんはいじっぱり,,"2016年11月号"
162514,壊れていてもかまいません,把我玩坏也没关系,"2016-04-11(2016年5月号)"
162837,Im～イム～,大祭司伊姆霍特普,"2018-07-12(2018年8月号)"
162853,ロクでなし魔術講師と禁忌教典,不正经的魔术讲师与禁忌教典,"2021-06-25 (2021年8月号)"
163036,新米住職さんと不可思議な日々,新人住持与不可思议的日常,"2015-11-24(2016年1月号)"
164130,唇にキミの色,嘴唇上印下你的颜色,"2015-10-10(2015年11月号)"
164133,絶望ベイビー,绝望宝贝,"2014-12-24 (2015年2月号)"
164209,アラバスター（手塚治虫漫画全集）,透明人,"1971年06月28日号"
164498,超少女明日香,,"1975年5月号"
164499,明日香ふたたび,,"1976年6月号"
165385,生徒会長が百合好きでも問題ナシ!?,学生会长就算喜欢百合也没有关系!?,"2013-05-09(2013年6月号)"
165845,your diary (1),,"2014-03-19(イノセントNo.1)"
166081,黒鉄の太陽,,"2015-09-11"
166149,俺んちのメイドさん,我家的女仆小姐,"2020-10-27(2020年12月号)"
166207,わたしのご主人様は人間じゃない気がする,我的主人不是人,"2017-12-27(2018年2月号)"
166259,스페이스 차이나드레스,宇宙旗袍,2015-12-21
166704,ヤギくんとメイさん,八木君和芽依小姐,"2017-11-28(2018年1月号)"
166831,あっくんとカノジョ,敦君与女朋友,"2018-06-15(2018年7月号)"
167361,こみっくパーティー,漫画同人会,"2005年3月号"
167530,ぺたがーる,平板少女,"2018-12-27(2019年2月号)"
167567,喰姫-クヒメ-,食人姬,"2017-11-09(2017年12月号)"
167991,僕だけがいない街 Another Record,只有我不存在的城市 Another Record,"2016-02-10(2016年3月号)"
168112,CHAOS;HEAD,混沌头,"2009-04-27(2009年6月号)"
168118,CHAOS;HEAD らぶChu☆Chu!,混沌之脑 LOVE ChuChu,"2012-04-20"
168455,スマイル,笑你妹,"2016年8月号"
168890,学生戦争～双極の運命～,学生战争～双极之命运～,"2015-12-27"
168896,极度分裂,极度分裂,"漫客第412期（2016-05）"
169177,アワヤケ,,"2008年"
169583,悪戯ちょうちょ,恶作剧蝴蝶,"2013-06-22(Vol.99 / 2013年7月号)"
169761,東のくるめと隣のめぐる,,"2016-01-11"
169865,サムライせんせい,武士老师,2020-10-25
170132,さらば、佳き日,再会了，美好时光,"2022-12-16 (vol.24)"
170295,僕の彼女がマジメ過ぎる処女ビッチな件,关于我女友是个一本正经的处女碧池这件事,"2019-09-13"
171026,黒伯爵は星を愛でる,黑伯爵所宠爱之星,"2018-04-05(2018年9号)"
171174,全裸男と柴犬男 警視庁生活安全部遊撃捜査班,全裸男子与柴犬男子,"2014-09-27(2014年11月号)"
171330,大江戸妖怪かわら版,大江户妖怪瓦版,"2018年12月号"
172282,千早さんはそのままでいい,千早同学保持原样就好,"2018-04-04(2018年5月号)"
172358,Bグループの少年X,,"2018-02-22"
172459,シャッフル学園,Shuffle学园,"2017-01-06(2017年新年2月特大号)"
172468,社畜！ 修羅コーサク,世纪末社畜大传,"2017-03-06 (2017年Vol.4)"
172554,打撃女医サオリ,打击女医沙织,"2009年3号"
173021,顔がいいから許しちゃう,看你长得好看就原谅你了,"2016-09-13(2016年10月号)"
173034,スモーキン’パレヱド,杀戮游行 SMOKIN' PARADE,"2021-04-26(2021年6月号)"
173310,ソラの妖精,天空的妖精,"2013-10-24(2013年12月号)"
173853,BEAR BEAR,,"2013-06-10(2013年7月号)"
174096,ゼイチョー！～納税課第三収納係～,税调！～纳税科第三收纳系～,"2017-03-01(2017年6号)"
174223,制服ロビンソン,,"2018-02-17(2018年3月号)"
174228,天藍のメメント,天蓝的记忆,"2017-11-24(2018年1月号)"
174486,不器用な匠ちゃん,不灵巧的小匠小姐,"2014-11-05(2014年12月号)"
174656,月が綺麗ですね,月色真美啊,"2019-11-18(2020年1月号)"
174706,ミザントロープな彼女,孤僻的她,"2017-03-07(2017年4号)"
174719,梅衣堂ひよと旦那様の野望,梅衣堂阳夜与主人的野心,"2021-07-12(2021年4月号)"
175000,お待ちしてます 下町和菓子 栗丸堂,期待您的光临 老街和菓子店 栗丸堂,"2016-03"
175017,江戸の検屍官,江户验尸官,"2018年9号"
175039,ウルトラ怪獣擬人化計画 ギャラクシー☆デイズ,奥特怪兽拟人化计划 银河日常,"2019-05-30 (2019年7月号)"
175047,未完成ラヴァーズ,恋人未满,"2015-05-22(2015年7月号)"
175284,私は天才を飼っている。,我圈养了天才。,"2018-05-24(2018年7月号)"
175302,バッテリー,野球少年,"2022年9月号"
175466,蛍火の灯る頃に,萤火点亮之时,"2018-02-24(2018年4月号)"
175729,偽書ゲッターロボ ダークネス,伪书盖塔,"2012年2号 ヤングアニマル嵐"
175985,Mein Ritter～私の騎士～,Mein Ritter 我的騎士,"2015-05-16 (No.45)"
176074,Re:teen 繭の中でもう一度10代のキミと会う,,"2016-08-27(2016年10月号)"
176527,ギャルとオタクはわかりあえない。,辣妹和阿宅无法互相理解,"2019-11-27(2020年1月号)"
176536,케덴독,Cat & Dog,"2014-12-26"
176812,WORLD END ECONOMiCA,月界金融末世录,"2015-07-10"
176952,オルフィーナSAGA,,"2010-12-09(2011年1月号)"
177050,ましろ色シンフォニー -Wind of silk-,纯白的交响曲-Wind of silk-,"2011年9月号"
177051,ましろ色シンフォニー -Twinkle moon-,纯白的交响曲 -Twinkle moon-,"2012年1月号"
177172,君は、オレが好きだって言ったらどんな顔するだろう。,当我说喜欢你时，你是什么表情呢。,"2016-10-20(2016年22号)"
177173,Challenge Up!,,"2016-09-20(2016年20号)"
177245,風よ、万里を翔けよ,风翔万里,"2018-02-06(2018年3月号)"
177259,偶像事変 ～鳩に悲鳴は聞こえない～,偶像事变~鸠听不见他们的悲鸣～,"2018-03-06(2018年Vol.4)"
177311,R先生のおやつ,R先生的下午茶,"2018-07-06(2018年8・9月合併号)"
177468,Re:ゼロから始める異世界生活 第三章 Truth of Zero,Re:从零开始的异世界生活 第三章 Truth of Zero,"2019-09-27（2019年11月号）"
177506,潜入！TRIGGER24時,,"2016-07-01"
177519,少年アシベ,少年阿贝,"1994年3・4合併号"
177690,オレが腐女子でアイツが百合オタで,俺♀是腐女子她♂是百合宅,"2017-11-04(2017年12月号)"
177974,殺戮の天使,杀戮天使,"2020-09-15 (2020年10月号)"
177997,本好きの下剋上～司書になるためには手段を選んでいられません～,书虫的下克上～为了成为图书管理员而不择手段～,"2017-03-12"
178016,マシュリの匣,契约之匣,"2017-04-20"
178297,ゆるゆる,悠然时光,"2012-11-19 (2013年1月号)"
178335,暗闇ダンス,,"2016-11-11"
178508,ハンキー・ドリー,一切都好,"2016-12-13"
178517,紅霞後宮物語～小玉伝～,红霞后宫物语~小玉传~,"2022-05-06 (2022年6月号)"
178621,ノーマン,,"1968年12月22日号"
178636,さよならノクターン,永别夜响曲,"2016-12-03(2017年1月号)"
178908,春日坂高校漫画研究部,春日坂高中漫画研究社,"2017-07-15(2017年8月号)"
179021,終末の天気,终末的天气,"2016-01-25(2016年8号)"
179104,クロスライン,,"2017-06-16(2017年8月号)"
179915,不死の猟犬,不死的猎犬,"ハルタvolume79"
179962,ぴくし部,P站部,"2016年4月号"
180020,カクテル,,"2016-08-03"
180328,少年の名は,,"『ハルタ』volume18"
180329,タイマンズ,,"『ハルタ』volume23"
180337,鋼鉄奇士シュヴァリオン,,"『ハルタ』volume25"
180338,レイチェル創々,,"『ハルタ』volume27"
180456,花と忍び,花与忍,"2016-04-02(2016年5月号)"
180627,ライフ2 ギバーテイカー,LIFE2 给予者接受者,"2018-10-25(2018年12月号)"
180748,死者の書,死者之书,"2016-03-12(2016年4月号)"
180868,公爵令嬢の嗜み,公爵家千金大小姐的爱好,"2017-09-03"
180870,こんな未来は聞いてない!!,这种未来不曾听闻过！！,"2018-04-13(2018年5月号)"
180931,千恋＊万花,千恋万花,"2017-02-27(2017年4月号)"
181000,西王子くんに告白されました。,西王子同学向我告白了。,"2017-05-27 (2017年7月号)"
181006,どくろさんが見ている,骷髅先生在看着你,"2017-10-27 (2017年12月号)"
181230,ソフィー・ローズと荊棘の人形師,,"2017-06-29"
181240,花魁地獄,花魁地狱,"2016年12月号"
181290,祕十村,秘十村,"2017-07-15"
181399,ファンタジスタドール,幻想娃娃,"2014年7月号"
181574,ひとでなしの恋恋ロ,非人恋心,"2016-03-28(2016年5月号)"
181576,宵待リビング×デッド,夜幕下的生者与亡灵,"2016-07-15(2016年08月号)"
181705,ほぼほぼ商店,,"2017-09-05(2017年10月号)"
182057,わたしの友達が世界一かわいい (1),我的朋友世界第一可爱,"2016-02-27 (2016年4月号)"
182089,純愛大吟醸,纯爱大吟酿,"2017-01-07(2017年2月号)"
182156,猫はまたたび,猫是木天蓼,"2016-08-26"
182363,CHAOS;CHILD,混沌之子,"2018-02-28(2018年4月号)"
182422,ふつつか者の兄ですが,家兄不才,"2017-06-22(2017年8月号)"
182438,少女騎士団×ナイトテイル,少女骑士团,"2017-12-27(2018年2月号)"
182607,首花は咲きゆく,,"2016-02-15(volume31)"
182617,ワレワレワ宇宙人ダ!!,吾等乃是外星人！！,"2016-04-23(2016年6月号)"
182660,Just Be Friends,,"2016-03-15(#18)"
182958,総指揮官と私の事情,总指挥官与我的事,"2015-08-26"
183261,ひゃくにちかん!!,一百天,"2017-10-27"
183396,ガールズ&パンツァー リボンの武者,少女与战车：缎带武士,"2021-03-05(2021年4月号)"
183581,花、むすぶ君へ,致、花彼端的你,"2017-07-25"
183715,チア男子!!,男子啦啦队,"2013年5月号"
183720,チア男子!!～GO BREAKERS～,男子啦啦队!!～GO BREAKERS～,"2016-11-08"
183861,宮河家が満腹!? 美水かがみオールスター 超簡単☆節約レシピ,宫河家的满腹,"2014-03-25 (2014年5月号)"
183870,しすたー・いん・らう!,,"2017年10月号"
183877,ひなこのーと,雏子日记,"2021-01-27(2021年3月号)"
183917,青春スウィートトラック,,"2016年12月号"
183920,ミエタミエナイセカイ,若隐若现的世界,"2017-09-11(2017年10月号)"
183933,かわいいハンター,,"2015年4月号"
183935,ガンズ&ガールズ,,"2017-01-27(2017年3月号)"
183936,むしとりニスタ,,"2016年6月号"
183943,屍町アンデッド,尸落城市,"2018-03-10"
183994,八十亀ちゃんかんさつにっき,八十龟酱观察日记,"2022-09-27(2022年11月号)"
184141,いつか、キミが隣で目覚めたら,若君终将、在身边苏醒,"2016-12-22"
184180,グランブルーファンタジー 双剣の絆,碧蓝幻想 双剑之羁绊,"2019-08-05(Vol.79)"
184377,サンリオ男子,三丽鸥男子,"2018-07"
184436,サークルクラッシュ！,社团破坏者,"2017-10-06"
184463,"ほしとくず -Don't worry,Be happy!-","星星与星屑 -Don’t worry,Be happy!-","2017-02-13(2017年3月号)"
184524,血族·番茄家园篇,,"2013年2月1日（漫画世界）"
184571,世界八番目の不思議,世界第八大不可思议,"2016-11-15(volume39)"
184600,プリズンハーツ,被囚禁的灵魂,"2017-03-28(2017年5月号)"
184607,LIMBO THE KING,,"2019-08-09"
184678,鬼を飼う,饲鬼,"2020年5月号"
184713,てぃ先生,T先生,"2018-03-05(2018年04月号)"
184742,異能メイズ,异能迷宫,"2018-04-12 (2018年5月号)"
185091,顔に出せない吉沢くん,无法表露感情的吉沢同学,"2017-03-23"
185185,好きしか言わない,只会说喜欢你,"2017-02-13(2017年3月号)"
185227,K MISSING KINGS,,"2015年9月号"
185229,K ドッグ&キャット,K 狗与猫,"2015年12月号"
185349,薔薇監獄の獣たち,,"2018-02-06(2018年3月号)"
185465,博多豚骨ラーメンズ,博多豚骨拉面,"2017-05-18(2017年6月号)"
185589,西荻窪ランスルー,,"2017-11-25(2018年1月号)"
185642,終焉のエリュシオン,终焉的极乐净土,"2016-10-28(2016年12月号)"
185733,Jヲタ男子☆朝比奈くん,J宅男子☆朝比奈君,"2017-12-22(2018年1月号)"
185757,うちの娘の為ならば、俺はもしかしたら魔王も倒せるかもしれない。,为了女儿，我说不定连魔王都能干掉。,"2017-08-07"
185785,ナイトメア・イーター,梦魇・吞噬者,"2017-03-24 (2017年5月号)"
185896,君が好きだから,因为喜欢你,"2016-01-22"
186222,東京黄昏買い食い部,东京黄昏的零食部,"2020-02-28"
186225,えびがわ町の妖怪カフェ,海老川町的妖怪咖啡,"2019-08-09 (2019年16号)"
186654,マッシュルーム,,"2017-01-030(2017年3月号)"
186872,时空使徒,时空使徒,"2018-12-30"
186951,銭谷くんの恋は金次第,钱谷君的恋爱由钱决定,"2016-07-15 (2016年8月号)"
187086,核力突破,核力突破,2016-04-25（第409期）
187087,神精榜,,2016-07-25（第422期）
187108,公安部特異人種課56,公安部特异人种课56,"2018-02-15(volume51)"
187109,ネコと鴎の王冠,,"『ハルタ』volume48"
187110,白夜玲珑,白夜玲珑,"漫客第637期（2020-12）"
187113,猎物者,,2014-07-21（第321期）
187138,渡灵·Guarding,渡灵·Guarding,"2017-09-01(2017年9月号52期)"
187168,时间之外,,"2013-05-06（第260期）"
187181,斗罗大陆,斗罗大陆,"2010-08-27"
187191,太陽が見ている,太阳在看着呢,"2018-05-26(2018年7月号)"
187320,コードギアス 双貌のオズO2 SIDE：オルドリン,Code Geass 双面的奥兹O2 SIDE:奥尔德林,"2016-02（2016年4月号）"
187328,星屑ネバーランドガーデン,星屑梦幻岛花园,"2016-11-23"
187358,おとうふ次元,,"2017-01-05"
187541,星姫と孤高のきつねくん,,"2016-09-05"
187554,漫画家探偵ひよこ,漫画家侦探日夜子,"2015-10-05(2015年11月号)"
187650,いくさの子 ~織田三郎信長伝~,,"2022-09-24(2022年11月号)"
187825,また、片想う。,既然、相思。,"2018-07-26(2018年9月号)"
187834,白アリッッ,白雪爱丽丝,"2016-06-22(2016年8月号)"
187844,ボクは宇宙人に恋をした。,我和宇宙人恋爱啦。,"2016-06-24 (2016年8月号)"
187915,ギャルソン,神之侍者,"2017-04-19(2017年10号)"
187948,私・空・あなた・私,我・空・你・我,"2018-02-28 (2018年4月号)"
188016,ホーンテッド・キャンパス,Haunted Campus,"2015-03-10"
188074,バカとテストと召喚獣,笨蛋，测验，召唤兽,"2016-07-26(2016年9月号)"
188183,佐倉さんご指名ですよ,佐仓同学有你的指名哦,"2017-12-27(vol.52)"
188195,追憶のアペイロン,追忆无垠,"2015-12-09(2016年1月号)"
188234,すずなの恋,玲奈的恋爱,"2017-08-17(2017年10月号)"
188375,Rule ー消滅教室ー,Rule ー消失的教室ー,"2017-11-12"
188540,死神と銀の騎士,死神与银之骑士,"2017-05-18(2017年6月号)"
188908,死にたがり少女と食人鬼さん,想死少女与美食家,"2019-03-01"
188911,青春Re:トライ,青春Re:Retry,"2017-04-20"
189039,警死庁24時,警死厅24时,"2004年3月号"
189049,次はさせてね,,"2022-02-18"
189054,極楽町デッドエンド,极乐町DEAD END,"2017-09-28(2017年11月号)"
189064,おふれこタイムス,非正式时光,"2017年4月号"
189066,だーがしゅか,粗点心屋少女,"2017-05-27(2017年7月号)"
189167,きらめきのライオンボーイ,闪闪发光的狮子男孩,"2019-07-03(2019年8月号)"
189299,ムスコンっ！,,"2018-01-05 (2018年2月号)"
189359,ナラクノアドゥ,来自深渊的阿杜,"2018-11-02"
189466,軍オタが魔法世界に転生したら、現代兵器で軍隊ハーレムを作っちゃいました!?,军武宅转生魔法世界，靠现代武器开军队后宫!?,"2023-03-09 (2023年4月号)"
189624,堕イドル,落第偶像,"2017-04-08(2017年5月号)"
189682,月のしっぽ,月亮的尾巴,"2007年"
189683,機動戦士ガンダム戦記 Lost War Chronicles,机动战士高达战记 Lost War Chronicles,"No.019 2004年3月号"
189743,ぼくは明日、昨日のきみとデートする,明日的我与昨日的你约会,"2017-05-10"
189756,アリス イン デッドリースクール,Alice in Deadly School,"Vol. 20（2015-04-27）"
189797,BLACK BOARD,,"2017-11-10(2017年12月号)"
189929,まんがかぞく 一家4人全員漫画家,漫画家族 一家四口都是漫画家,2011年12月20日号
190090,地獄のエンラ,地狱的阎罗,"2016-09-21(2016年11月号)"
190152,いつか天魔の大うさぎ,曾几何时天魔的大兔,"2011-09-09(2011年10月号)"
190298,キスの花束をキミに,给予你的吻之花,"2018-02-15(2018年Vol.25（2018 February))"
190432,怪滅王と12人の星の巫女,怪灭王与12人的星之巫女,"2018-02-27(2018年4月号)"
190568,Rewrite:SIDE-TERRA,,"2018-07-30(2018年9月号)"
190874,甘城ブリリアントパーク？ふも,,"2015-10-09(2015年11月号)"
191354,乃木若葉は勇者である,乃木若叶是勇者,"2018-01-30(2018年3月号)"
191398,サノバウィッチ,魔女的夜宴,"2015-04-27(2015年6月号)"
191423,お嬢と七匹の犬,大小姐和七条狗,"2018-08-24 "
191448,JK小説家っぽい！,JK小说家,"2017-08-26(2017年10月号)"
191745,セキララにキス,赤裸裸地亲吻,"2019-05-24(2019年7月号)"
192003,あかいろ交差点,赤色交叉点,"2018-02-16"
192268,バケモノの子,怪物之子,"2016-11-26 (2017年1月号)"
192284,輝きのミニョン,,"2018-02-07(2018年3月号)"
192385,女子大生の日常,女大学生的日常,"2016-01-27(2016年03月号)"
192651,機動戦士ガンダム 鉄血のオルフェンズ,机动战士高达 铁血的孤儿,"2016年10月26日(2016年12月号)"
192690,鳶田くんと須藤さん,鸢田与须藤,"2017-03-16"
193002,毒頭,毒头,"2017-05-09(2017年6月号)"
193068,ふしぎの国の有栖川さん,不可思议国的有栖川同学,"2019-08-10(2019年9月号)"
193069,ばいばいリバティー,拜拜！自由,"2017-12-13(2018年1月号)"
193146,吸血バイト霧島くん,打工吸血鬼雾岛君,"2017-02-10"
193177,角の学園,长角学园,"2018-01-19"
193197,ストレンヂフルーツ,奇异果实,"2017-04-07"
193223,殺し愛,杀爱,"2023-01-14(2023年2月号)"
193339,死神とチョコレート・パフェ,死神与巧克力百汇,"2007年11月"
193383,幽落町おばけ駄菓子屋,幽落町妖怪杂货店,"2018-05-18(2018年6月号)"
193549,なめて、かじって、ときどき愛でて,舔舐、啃咬、时而疼爱,"2022-12-23 (2023年2月号)"
193568,遊星のフール,游星的恶作剧,"2015-02-24 (2015年4月号)"
193573,それでも君が,依然想靠近,"2016-05-13 (2016年6月号)"
193610,喧嘩番長 乙女〜恋のバトルロワイヤル〜,喧哗番长乙女〜恋爱的大逃杀〜,"2017-01-25(2017年3/1増刊号)"
193612,星くず学園Cコース,星尘学园C课程,"2016-05-21 (2016年7月号)"
193618,饗愛カタストロフィ,飨爱惨剧,"2015-05-22 (2015年7月号)"
193659,ヒレントリップ,秘恋的旅程,"2013-10-24 (2013年12月号)"
193664,聖戦教室,圣战教室,"2016-05-27(2016年7月号)"
193667,サロン・ディアーナ,,"2015-01-22 (2015年3月号)"
193671,スクランブル☆スター,星光替身,"2014-12-24 (2015年2月号)"
193678,忍びよる恋はくせもの,忍者之恋千万当心,"2014-03-01(2014年Vol.14)"
193686,オレが魔法をかけてやる,让我对你施展魔法,"2015-08-11(2015年9月号)"
193694,ラララ ハレルヤ！,啦啦啦 哈雷路亚！,"2014-12-27(2015年2月号)"
193711,青の母,青之母,"2016-05-25 (2016年7月号)"
193714,眠れる森のカロン,沉睡之林的卡戎,"2017-01-06 (2017年Vol.2)"
193719,いつか、夜明けの空で待ってる。,破晓时刻的等待。,"2014-01-20(2014年2号)"
193721,4番目の許婚候補,排第四的许婚候补,"2017-02-17"
193726,ヘイセイプロジェクト-イミテーションヒーロー-,平成project-Imitation Hero-,"2015-12-28 (2016年2月号)"
193766,女神のリーブラ,女神的天平,"2013-10-24 (2013年12月号)"
193823,あのなつ。,那年夏天。,"2017-12-28(2018年2月号)"
193836,赤飯ちゃんとすもも君,红豆饭和李子君,"2016-07-22 (2016年9月号)"
193848,理想的ボーイフレンド,理想的男朋友,"2018-07-13(2018年8月号)"
193851,煉獄デッドロール,炼狱死亡游戏,"2017-08-09(2017年9月号)"
193856,利根川りりかの実験室,利根川莉莉佳的恋爱实验,"2015-04-03(2015年5月号)"
193876,ともだちと恋のまんなか,朋友以上恋人未满,"2013-06-05 (2013年6/20号)"
193890,Thunderbolt Fantasy 東離劍遊紀 乙女幻遊奇,Thunderbolt Fantasy 东离剑游纪 乙女幻游奇,"2017-02-28"
193902,けだものにロリポップ,给野兽的棒棒糖,"2016-02-10(2016年3月号)"
193925,オーダーは探偵に,点单请交给侦探,"2016-01-22 (2016年3月号)"
193931,いちごの王子とアントルメ,草莓王子与法式蛋糕,"2015-10-13(2015年11月号)"
193935,CHASE,,"2015-09-18(2015年10/2号 NO.19)"
193951,氷の女王,冰之女王,"2014-08-11(2014年9月号)"
193956,悔しいけどキミが好き,不得不承认我很喜欢你,"2016-04-23 (2016年6月号)"
193960,ラブデスター,爱之死亡测试者,"2018-04-25"
193969,僕だけが知っている,唯独只有我知晓的事情,"2018-09-22(2018年11月号)"
193970,干支✿ロワイヤル,干支✿大乱斗,"2017-07-24 (2017年9月号)"
193972,こっちの水は甘いのだ,这里的水很甜,"2016-11-11(2016年12月号)"
193981,俺の姫靴を履いてくれ,请穿上我为你准备的水晶鞋,"2016-08-05(2016年8月号)"
194017,ケモノスイッチ,野兽开关,"2015-04-24(2015年6月号)"
194073,星上くんはどうかしている,星上同学有点怪,"2016-09-24(2016年11月号)"
194242,通学時間～君は僕の傍にいる～,通学时间～你就在我身边～,"2014-06-20"
194303,シュシュ恋,发圈之恋,"2017-03-18(2017年8号)"
194329,傷だらけの悪魔,藏在心中的恶魔,"2022-04-29"
194360,水玉ハニーボーイ,水珠甜心男孩,"2018-12-22 (2019年2月号)"
194576,あんさんぶるスターズ！,偶像梦幻祭！,"2016-12-28(2017年2月号)"
194585,猫はよみがえる,复苏之猫,"2017-10-31"
194587,空の休息,,"2013-09-09(2013年10月号，杂志停刊)"
194601,あの子に恋する 山田に恋した,,"2017-04-20(2017年10号)"
194663,そうしそうあい,相思相爱,"2023-09-27"
194691,アフォガード,,"2015-08-06"
194937,ピーチガールNEXT,蜜桃女孩NEXT,"2019-12-28(2020年2月号)"
195050,恋愛フラグ0女子の迷走,恋爱FLAG0女子的迷航,"2017-06-24(2017年8月号)"
195092,大海原と大海原,大海原与大海原,"2016-09-30"
195099,霧雨が降る森,雾雨飘散之森,"2015-10-15(2015年11月号)"
195104,飢囚獣‐ガンドッグ‐,,"2017-03-15(2017年4月号)"
195108,キスで誓約,誓约之吻,"2015年1号"
195153,Classroom☆Crisis,教室☆危机 漫画版,"2016年4月号 (2016-02-27)"
195217,おとなりコンプレックス,伪郎隔壁是伪娘,"2022-08-27"
195218,生徒会長ですが女装はじめました,学生会长开始了女装,"2018-01-31"
195235,恋にならないワケがない,怎么可能不喜欢上你,"2018-10-12"
195241,スイートビター,甘苦青春,"2017-04-17"
195290,自動販売機に生まれ変わった俺は迷宮を彷徨う,转生成自动贩卖机的我今天也在迷宫徘徊,"2016-12-18"
195363,THE TOWN ~復讐者~,THE TOWN ~复仇者~,"2016-06-15(volume35)"
195369,彼と恋なんて,和他恋爱什么的,"2018-06-28(2018年8月号)"
195438,ゆれるるる,摇曳不止,"2017-02-24(2017年1月号)"
195700,中村くんの金パは柔らかい,中村君的金发很柔软,"2018-08-20(2018年5号)"
195766,少女少年学級団,少女少年学级团,"2018-04-24(2018年6月号)"
195798,ホカヒビト,,"2017-02-22(2017年4号)"
195921,天穹は遥か-景月伝-,遥之天穹-景月传-,"2017-10-19(2017年11月号)"
196101,瘴気のガスマスカレイド,雾霾的毒气化妆舞会,"2017-12-25(2018年2月号)"
196227,サバイバル~少年Sの記録~,陆地沉没记～少年S的记录～,"2018-11-22"
196262,JC no Life!,,"2017-06-27(2017年8月号)"
196353,@キラキラバーズ!,,"2016-04-23 (2016年6月号)"
196356,好きにならずにいられない,,"2016-12-01(2017年1月号)"
196380,ラブ×ラブゲーム,爱情×爱情游戏,"2016-02-24(2016年4月号)"
196419,嘘つき王子とニセモノ彼女,欺骗王子与冒充女友,"2015-11-02 (2015年12月号)"
196439,アプリトラップ,程序陷阱,"2016-02-27(2016年4月号)"
196463,メミニッセ,,"2016-01-27"
196621,夢喰い白黒バク,食梦的黑白貘,"2015-11-14(16号)"
196661,あしたの今日子さん,明日的今日子,"2018-02-10 (電撃大王WEBコミック)"
196727,CRASH!,,"2013-07-03(2013年8月号)"
196750,まかろにスイッチ,通心粉开关,"2016-10-15(volume 38)"
196782,式神男子,式神男子,"2015-11-24 (2016年1月号)"
196797,青空ポップ,青空POP,"2008年6月号"
196896,恋をするまで帰さない,爱了才准走,"2010-05-08(2010年6月号)"
196923,秘書魂,秘书魂,"2014年"
196943,影野だって青春したい,影野也想要青春一回,"2017-07-13 (2017年8月号)"
197095,とにかくキミが。,总之你是XX,"2015年1月号"
197126,臆病なカナリア,胆怯的金丝雀,"2016-12-21"
197180,ビッグウイング,未来空港 新东京国际空港物语,"2005年13号"
197183,うちの猫が物の怪になりまして,我的白猫王子,"2018-11-03"
197324,最果てのアオ,,"2015-05-16(2015年No.45 休刊号)"
197434,マンガヤ,,"2015年3月号"
197448,うた∽かた,诗片,"2005年4月号"
197521,照屋くんは絆されない,,"2017-01-27 (VOL.41)"
197702,土方さんは嘘だらけ,,"2016-01-26"
197732,A.【アンサー】,A.【答案】,"2015-12-19(2016年2号)"
197800,三神先生の愛し方,三神老师的恋爱法门,"2019-10-12(2019年11月号)"
197836,ビタースウィート,,"2018-05-24(2018年7月号)"
198050,フォルティッシモ,,"2017-07-22(2017年9月号)"
198124,印伝さんと縁結び,与印伝先生结缘,"2022-07-11"
198867,何モナイ君タチヘ,致一无所有的你们,"2017-09-23(2017年11月号)"
198868,INNOCENT-DEVIL イノセントデビル,INNOCENT-DEVIL 天真的恶魔,"2018-04-21(2018年5月号)"
198869,さくちゃんとのぞみくん,小朔与希君,"2017-12-14"
199121,先生は悪いコ,老师是坏蛋,"2015-06-13(2015年7月号)"
199190,MとNの肖像,非凡佳偶,"2002年13号"
199255,カーグラフィティJK,,"2018-02-27(2018年4月号)"
199265,蓮住荘のさんかく,莲住莊三角公寓,"2018-03-28(2018年5月号)"
199329,泣かせた責任とってくれ,,"2018-04-30(2018年4月号)"
199340,おはようとかおやすみとか,早安晚安,"2017-04-25 (2017年6月号)"
199393,キズナイーバー,羁绊者,"2017年4月号 (2017-02-27)"
199396,アイドルマスター SideM ドラマチックステージ,偶像大师 SideM DRAMATIC STAGE,"2017年8月号(2017-06-27) / 2017年9月号(2017-07-27)(特别篇)"
199416,中華的幻想見聞録,,"2005-08-24(vol.37)"
199438,探偵・日暮旅人の探し物,侦探・日暮旅人寻找之物,"2017-07-24 (2017年9月号)"
199445,デビル＠ホーム,,"2017-04-24 (2017年6月号)"
199524,呪われさん家のお嫁さま,诅咒之家的新嫁娘,"2014-07-03 (2014年8月号)"
199564,(仮)花嫁のやんごとなき事情 ～離婚できたら一攫千金!～,(仮)替身新娘的贵族生活～离婚成功就能一攫千金!～,"2016-02-01 (2016年2月号)"
199579,ケーキ王子の名推理,蛋糕王子的名推理,"2017-09-25"
199619,恋人になる時間です,成为恋人的时间,"2013-03-08(2013年4月号)"
199652,どうせもう逃げられない,反正你也逃不掉,"2015-06-08（2015年7月号）"
199668,どれだけ甘いシナリオだって,甜美的爱情剧本,"2013-12-07(2014年1月号)"
199750,恋したがりのブルー,假装恋爱的忧郁,"2009年9月号"
199757,ピンクのしっぽ,粉红尾巴,"2014-01-24 (2014年3月号)"
200127,キミが好きとかありえない,我怎么可能会喜欢上你呢,"2013-06-03(2013年7月号)"
200185,家有神仙,,"2008年7月号"
200297,スーパーダーリン!,SUPER DARLING!,"2012-10-03 (2012年11月号)"
200462,黒源氏物語,黑源氏物语,"2016-02-24(2016年4月号)"
200626,ほれたはれたで,爱到无法自拔,"2017-04-05 (2017年9号)"
200733,王様に捧ぐ薬指,为国王献上无名指,"2017-11-08(2017年12月号)"
201123,Charlotte The 4コマ せーしゅんを駆け抜けろ!,夏洛特 四格 疾驰于青春吧！,"2017-03-30(2017年5月号)"
201140,白ゆき姫殺人事件,白雪公主杀人事件,"2012年1月号"
201152,刀剣乱舞-花丸-,刀剑乱舞-花丸-,"2019-04-04"
201163,ビューティフル・エブリデイ,,"2021-05-08(2021年6月号)"
201438,パパとママはじめました。,今天开始当爸爸妈妈,"2012-05-19(2012年12号)"
201442,シックスティーン症候群,16岁症候群,"2013-11-01(2013年12月号)"
201794,うちの執事が言うことには,我家的执事如是说,"2019-04-24(2019年6月号)"
201900,初恋少年少女,初恋少年少女,"2014-12-01(2015年1月号)"
201905,伯爵さまは甘い夜がお好き,伯爵大人最爱甜蜜的夜晚,"2015-12-01(2016年1月号)"
201989,機動戦士ガンダム オレら連邦愚連隊,机动战士高达 我们是联邦愚连队,"2009-06-26 (2009年8月号 No.84)"
202040,毎日キスしていいですか？,可以每天亲吻你吗？,"2018-04-09(2018年5月号)"
202063,COLORS！,,"2017-12-01 (2018年1月号)"
202107,京・かのこ,京都・鹿子,"2017-03-03(Vol.21)"
202258,僕は何度でも、きみに初めての恋をする。,不管多少次，我的初恋都是你。,"2017-11-09"
202262,異世界法廷 ～反駁の異法弁護士～,异世界法庭 ～反驳的辩护律师～,2018-01-04 (2018年2月号)
202458,ロコモコ,,"2012-07-13(2012年8月号)"
202542,恋して!るなKISS,,"2017-12-01 (2018年1月号)"
202543,美味しい妖,美味的妖怪,"2017-11-13"
202554,鵺天妖四十八景,鵺天妖四十八景,"2018-01-06(2018年3月号)"
202600,不完全な人の為に,为了不完全之人,"2017-11-18"
202812,ふつつかものですが,,"2017-12-19(2018年1月号)"
203477,赤き月の廻るころ,赤月的轮回时刻,"2011-05-24 (2011年7月号)"
203573,H-エイチ-,H,"2005年11月号"
203829,デスペナ,死亡刑罚,"2014-06-09 (2014年28号)"
204125,私たちの恋はこれからだ,我们的恋爱从现在开始,"2016-08-24(2016年10月号)"
204159,ワケあり物件にワケあり。,鬼宅里生活有讲究。,"2019-04-11"
204731,プライベート タイムズ,Private Times ~ 我的舞台 ~,"2011-08-26(2011年10月号)"
204748,あのコと一緒,和她在一起,"2009年11月号"
204754,春夏秋冬Days,春夏秋冬Days,"2014年11号"
205032,バディ・コンプレックス,BUDDY COMPLEX,"2014年12月号（2014-10-27）"
205364,マクロスF,,"2010年1月号"
205375,ねぇねぇ。あのね、,呐呐，我想说,"2019-02-26(Vol.66/2019年4月号増刊)"
205489,この恋に未来はない,无望之恋,"2017-12-14"
205506,ゲス、騎乗前,,"『ハルタ』volume46"
205521,明×暗SCRAMBLE,,"2018-01-27(2018年3月号)"
205536,ゲームオーバードーズ,,"2017-06-15(2017年7月号)"
205540,ゆくゆくふたり,渐渐的二人,"2017-11-26"
205746,この素晴らしい世界に祝福を! かっぽれ!,,"2017-04-28"
205878,OZMAFIA!!,,"2015-05-22(WEBコミックアクション)"
205889,死刑囚捜査官 芥川介の事件簿,死刑囚搜查官 芥川介事件簿,"2017-04-07"
206257,翼の十字軍,翼的十字军,"2017-05-12"
206268,アイドル事変,偶像事变,"2017-08-30(2017年10月号)"
206651,江の島ワイキキ食堂,江岛怀基基食堂,"(135号)"
206847,ねこったけ!,,"2018-02-23(2018年4月号)"
206903,八男って、それはないでしょう！,八男？别闹了！,"2017-03-25"
207448,ライセカミカ,来世神歌,"2019-08-26 (2019年10月号)"
207795,俺のうつ嫁が、めんどかわいい。,,"2014-12-26"
208151,はつ恋、ふたたび。,再次、初恋。,"2017-09-23(2017年11月号)"
208310,転生しちゃったよ（いや、ごめん）,一不小心转生了,"2023-10-12"
208432,ひとつばな,惟此花矣,"2018-07-08"
208656,異世界で『黒の癒し手』って呼ばれています,在异世界我被称为『黑之治愈师』,"2019-08-14"
209038,塔の管理をしてみよう,,"2018-03-15"
209259,佐藤、私を好きってバレちゃうよ!?,佐藤，喜欢我也太明显!?,"2017-11-04(2017年23号)"
209285,線上の犬,,"2018-02-15"
209476,ゲーマーズ!,Gamers!,"2019年7月26日(2019年9月号)"
209523,Tokyo 7th Sisters -Sisters Portrait-,,"2017年1月号"
209777,オニマダラ,,"2017-03-24"
